ts_code,trade_date,open,high,low,close,pre_close,change,pct_chg,vol,amount
002723.SZ,2021/09/01,13.55,13.89,13.08,13.18,13.7,-0.52,-3.7956,27697.91,36766.276
002723.SZ,2021/09/02,13.3,13.3,12.9,13.16,13.18,-0.02,-0.1517,21467.0,28066.021
002723.SZ,2021/09/03,13.18,13.5,12.92,13.16,13.16,0.0,0.0,25314.66,33297.435
002723.SZ,2021/09/06,13.23,14.1,13.17,13.9,13.16,0.74,5.6231,48872.63,67382.283
002723.SZ,2021/09/07,13.67,14.2,13.44,13.68,13.9,-0.22,-1.5827,26794.0,36720.198
002723.SZ,2021/09/08,13.59,13.69,13.3,13.3,13.68,-0.38,-2.7778,18138.56,24443.194
002723.SZ,2021/09/09,13.4,13.84,13.27,13.48,13.3,0.18,1.3534,36106.0,48667.799
002723.SZ,2021/09/10,13.4,13.42,13.2,13.33,13.48,-0.15,-1.1128,22910.4,30461.284
002723.SZ,2021/09/13,13.3,14.2,13.1,13.99,13.33,0.66,4.9512,59691.8,82983.158
002723.SZ,2021/09/14,13.98,14.08,13.39,13.64,13.99,-0.35,-2.5018,32369.0,43980.919
002723.SZ,2021/09/15,13.49,13.53,13.28,13.37,13.64,-0.27,-1.9795,16329.0,21905.664
002723.SZ,2021/09/16,13.6,13.85,13.1,13.27,13.37,-0.1,-0.7479,20704.71,27771.067
002723.SZ,2021/09/17,13.27,13.76,13.11,13.68,13.27,0.41,3.0897,25479.8,34441.667
002723.SZ,2021/09/22,13.67,13.69,13.1,13.34,13.68,-0.34,-2.4854,23254.32,31081.828
002723.SZ,2021/09/23,13.34,13.41,13.0,13.17,13.34,-0.17,-1.2744,22089.29,29029.794
002723.SZ,2021/09/24,13.17,13.29,12.7,13.01,13.17,-0.16,-1.2149,24586.0,31849.997
002723.SZ,2021/09/27,12.95,13.6,12.8,13.19,13.01,0.18,1.3836,26573.19,34960.9
002723.SZ,2021/09/28,13.32,13.82,13.05,13.68,13.19,0.49,3.7149,41701.23,56424.437
002723.SZ,2021/09/29,13.6,13.82,12.99,13.13,13.68,-0.55,-4.0205,40465.2,54626.109
002723.SZ,2021/09/30,13.14,13.88,13.12,13.8,13.13,0.67,5.1028,41027.6,56154.775
002723.SZ,2021/10/08,13.79,14.44,13.79,14.16,13.8,0.36,2.6087,33429.76,47292.733
002723.SZ,2021/10/11,14.35,14.35,14.04,14.2,14.16,0.04,0.2825,24672.0,35111.707
002723.SZ,2021/10/12,14.15,14.31,13.87,14.05,14.2,-0.15,-1.0563,20524.2,28820.318
002723.SZ,2021/10/13,14.06,14.37,13.81,14.26,14.05,0.21,1.4947,22960.0,32429.184
002723.SZ,2021/10/14,14.38,15.3,14.17,15.14,14.26,0.88,6.1711,53428.23,79679.868
002723.SZ,2021/10/15,15.08,15.4,14.7,14.87,15.14,-0.27,-1.7834,35589.11,53388.07
002723.SZ,2021/10/18,14.91,15.12,14.5,15.0,14.87,0.13,0.8742,25056.4,37450.593
002723.SZ,2021/10/19,15.0,15.11,14.8,14.83,15.0,-0.17,-1.1333,23797.4,35426.447
002723.SZ,2021/10/20,14.84,14.88,14.4,14.58,14.83,-0.25,-1.6858,19791.0,28935.826
002723.SZ,2021/10/21,14.41,14.69,14.18,14.37,14.58,-0.21,-1.4403,25381.6,36354.5
002723.SZ,2021/10/22,14.37,14.77,14.03,14.45,14.37,0.08,0.5567,38365.8,55148.505
002723.SZ,2021/10/25,14.45,15.1,14.29,14.64,14.45,0.19,1.3149,28759.2,42113.982
002723.SZ,2021/10/26,14.52,15.19,14.44,14.96,14.64,0.32,2.1858,51181.91,76436.365
002723.SZ,2021/10/27,14.9,15.09,14.62,14.71,14.96,-0.25,-1.6711,23365.0,34545.295
002723.SZ,2021/10/28,14.8,14.8,14.02,14.69,14.71,-0.02,-0.136,33787.81,48471.192
002723.SZ,2021/10/29,14.66,14.66,14.04,14.57,14.69,-0.12,-0.8169,27931.41,39686.831
002723.SZ,2021/11/01,14.13,14.81,14.02,14.45,14.57,-0.12,-0.8236,15188.4,21847.538
002723.SZ,2021/11/02,14.48,14.48,13.91,14.25,14.45,-0.2,-1.3841,21417.2,30320.2
002723.SZ,2021/11/03,14.25,14.3,13.82,14.17,14.25,-0.08,-0.5614,19148.4,27019.473
002723.SZ,2021/11/04,14.16,14.78,14.09,14.55,14.17,0.38,2.6817,30481.84,44173.212
002723.SZ,2021/11/05,14.61,15.19,14.51,14.86,14.55,0.31,2.1306,64905.2,96664.998
002723.SZ,2021/11/08,14.77,15.13,14.5,14.6,14.86,-0.26,-1.7497,32868.8,48523.614
002723.SZ,2021/11/09,14.43,14.89,14.4,14.68,14.6,0.08,0.5479,21282.63,31179.497
002723.SZ,2021/11/10,14.66,14.78,14.47,14.48,14.68,-0.2,-1.3624,17925.8,26168.814
002723.SZ,2021/11/11,14.48,15.18,14.19,15.17,14.48,0.69,4.7652,50226.23,75099.162
002723.SZ,2021/11/12,15.3,16.28,15.16,15.72,15.17,0.55,3.6256,73310.6,115765.886
002723.SZ,2021/11/15,15.72,15.87,15.36,15.78,15.72,0.06,0.3817,37032.6,57909.078
002723.SZ,2021/11/16,15.87,16.18,15.54,15.56,15.78,-0.22,-1.3942,26894.6,42348.444
002723.SZ,2021/11/17,15.58,15.7,15.34,15.45,15.56,-0.11,-0.7069,20890.6,32262.765
002723.SZ,2021/11/18,15.52,15.66,15.23,15.27,15.45,-0.18,-1.165,21653.2,33262.125
002723.SZ,2021/11/19,15.33,16.5,15.25,16.32,15.27,1.05,6.8762,63896.83,102293.513
002723.SZ,2021/11/22,17.0,17.0,15.88,16.36,16.32,0.04,0.2451,56663.0,92519.976
002723.SZ,2021/11/23,16.58,17.58,16.31,17.3,16.36,0.94,5.7457,63740.28,108187.528
002723.SZ,2021/11/24,17.3,17.38,16.81,16.95,17.3,-0.35,-2.0231,46251.2,78889.006
002723.SZ,2021/11/25,17.01,17.01,16.47,16.57,16.95,-0.38,-2.2419,29897.25,49864.994
002723.SZ,2021/11/26,16.46,16.77,16.19,16.43,16.57,-0.14,-0.8449,26211.0,42952.732
002723.SZ,2021/11/29,16.17,16.59,15.84,16.08,16.43,-0.35,-2.1302,55735.4,89689.427
002723.SZ,2021/11/30,16.07,16.1,15.4,15.73,16.08,-0.35,-2.1766,52428.2,82186.641
002723.SZ,2021/12/01,15.73,16.1,15.73,15.87,15.73,0.14,0.89,23309.8,37133.136
002723.SZ,2021/12/02,15.8,16.15,15.4,15.43,15.87,-0.44,-2.7725,25725.8,40301.075
002723.SZ,2021/12/03,15.38,15.6,15.25,15.34,15.43,-0.09,-0.5833,13997.31,21502.475
002723.SZ,2021/12/06,15.36,15.96,15.36,15.53,15.34,0.19,1.2386,33005.94,51526.57
002723.SZ,2021/12/07,15.54,15.76,15.03,15.22,15.53,-0.31,-1.9961,29122.03,44635.364
002723.SZ,2021/12/08,15.25,15.56,15.25,15.38,15.22,0.16,1.0512,14059.03,21642.726
002723.SZ,2021/12/09,15.45,15.64,15.16,15.57,15.38,0.19,1.2354,22137.28,34021.721
002723.SZ,2021/12/10,15.57,16.64,15.33,16.41,15.57,0.84,5.395,76457.95,123993.563
002723.SZ,2021/12/13,16.41,17.18,16.41,16.74,16.41,0.33,2.011,50474.4,84892.729
002723.SZ,2021/12/14,16.66,16.88,16.36,16.66,16.74,-0.08,-0.4779,28613.0,47573.807
002723.SZ,2021/12/15,16.65,16.73,16.21,16.44,16.66,-0.22,-1.3205,23910.8,39333.331
002723.SZ,2021/12/16,16.55,17.05,16.43,16.54,16.44,0.1,0.6083,27312.28,45503.7
002723.SZ,2021/12/17,16.28,16.47,15.0,15.46,16.54,-1.08,-6.5296,64659.4,101468.423
002723.SZ,2021/12/20,15.71,15.72,15.23,15.46,15.46,0.0,0.0,29660.6,45834.257
002723.SZ,2021/12/21,15.37,15.53,15.13,15.45,15.46,-0.01,-0.0647,26971.8,41357.925
002723.SZ,2021/12/22,15.44,15.45,14.98,15.26,15.45,-0.19,-1.2298,29546.8,44899.292
002723.SZ,2021/12/23,15.26,15.76,15.15,15.45,15.26,0.19,1.2451,20798.8,32234.997
002723.SZ,2021/12/24,15.6,15.6,15.1,15.23,15.45,-0.22,-1.4239,19834.0,30173.777
002723.SZ,2021/12/27,15.12,15.42,15.04,15.19,15.23,-0.04,-0.2626,21627.4,32941.493
002723.SZ,2021/12/28,15.3,15.3,14.58,15.01,15.19,-0.18,-1.185,32400.2,48372.681
002723.SZ,2021/12/29,15.1,15.2,14.66,14.66,15.01,-0.35,-2.3318,21200.6,31593.231
002723.SZ,2021/12/30,14.54,14.75,14.41,14.61,14.66,-0.05,-0.3411,27527.0,40192.997
002723.SZ,2021/12/31,14.65,15.13,14.52,14.76,14.61,0.15,1.0267,21957.9,32446.953
002723.SZ,2022/01/04,14.89,16.24,14.75,16.24,14.76,1.48,10.0271,63701.18,100667.355
002723.SZ,2022/01/05,17.13,17.86,17.13,17.86,16.24,1.62,9.9754,139390.84,245430.146
002723.SZ,2022/01/06,18.16,19.4,17.32,18.59,17.86,0.73,4.0873,215040.42,403794.014
002723.SZ,2022/01/07,18.7,19.91,18.21,19.77,18.59,1.18,6.3475,188754.02,359491.016
002723.SZ,2022/01/10,20.17,21.15,19.06,20.44,19.77,0.67,3.389,170615.12,342188.86
002723.SZ,2022/01/11,20.66,20.68,19.71,19.84,20.44,-0.6,-2.9354,80681.0,161812.77
002723.SZ,2022/01/12,19.29,21.5,19.29,21.2,19.84,1.36,6.8548,95836.83,198278.836
002723.SZ,2022/01/13,21.0,21.76,20.26,20.55,21.2,-0.65,-3.066,96793.59,201811.986
002723.SZ,2022/01/14,20.76,21.05,20.26,20.49,20.55,-0.06,-0.292,80019.47,165885.855
002723.SZ,2022/01/17,21.13,22.22,20.82,21.55,20.49,1.06,5.1733,83839.71,181857.627
002723.SZ,2022/01/18,21.9,21.98,20.38,20.96,21.55,-0.59,-2.7378,71697.66,149720.939
002723.SZ,2022/01/19,21.07,22.38,21.07,21.96,20.96,1.0,4.771,95938.01,208538.678
002723.SZ,2022/01/20,22.31,22.5,19.77,20.8,21.96,-1.16,-5.2823,97303.6,207968.15
002723.SZ,2022/01/21,20.38,20.63,18.81,19.0,20.8,-1.8,-8.6538,138850.6,269831.816
002723.SZ,2022/01/24,19.7,20.9,19.7,20.9,19.0,1.9,10.0,61293.4,126185.88
002723.SZ,2022/01/25,20.99,22.04,19.6,20.04,20.9,-0.86,-4.1148,204896.84,432975.128
002723.SZ,2022/01/26,21.18,21.18,18.04,18.04,20.04,-2.0,-9.98,61658.0,114616.371
002723.SZ,2022/01/27,17.83,17.83,16.24,16.24,18.04,-1.8,-9.9778,13773.0,22848.022
002723.SZ,2022/01/28,14.62,16.14,14.62,15.64,16.24,-0.6,-3.6946,173286.34,268677.569
002723.SZ,2022/02/07,16.06,16.47,15.25,15.91,15.64,0.27,1.7263,89771.48,141840.755
002723.SZ,2022/02/08,15.66,16.11,15.25,15.92,15.91,0.01,0.0629,46640.4,73809.29
002723.SZ,2022/02/09,16.18,16.58,15.71,16.22,15.92,0.3,1.8844,61615.8,100416.949
002723.SZ,2022/02/10,16.22,16.42,15.86,15.98,16.22,-0.24,-1.4797,37322.48,59815.769
002723.SZ,2022/02/11,16.0,16.02,15.45,15.77,15.98,-0.21,-1.3141,51465.63,80771.136
002723.SZ,2022/02/14,15.6,15.81,15.24,15.41,15.77,-0.36,-2.2828,40704.2,63140.34
002723.SZ,2022/02/15,15.47,15.58,15.04,15.49,15.41,0.08,0.5191,42468.4,65012.548
002723.SZ,2022/02/16,15.55,15.87,15.41,15.56,15.49,0.07,0.4519,43095.2,67277.88
002723.SZ,2022/02/17,15.55,15.63,15.3,15.42,15.56,-0.14,-0.8997,27353.4,42251.036
002723.SZ,2022/02/18,15.39,15.79,15.26,15.45,15.42,0.03,0.1946,35121.0,54545.1
002723.SZ,2022/02/21,15.69,15.69,15.2,15.35,15.45,-0.1,-0.6472,45529.6,69740.672
002723.SZ,2022/02/22,15.28,15.29,14.65,14.83,15.35,-0.52,-3.3876,58308.2,86859.817
002723.SZ,2022/02/23,14.84,15.25,14.53,14.84,14.83,0.01,0.0674,65073.4,96190.643
002723.SZ,2022/02/24,14.75,14.75,13.94,14.2,14.84,-0.64,-4.3127,73693.6,105311.452
002723.SZ,2022/02/25,14.25,14.62,14.25,14.33,14.2,0.13,0.9155,45610.98,65814.121
002723.SZ,2022/02/28,14.41,14.63,14.2,14.4,14.33,0.07,0.4885,36141.8,51919.768
002723.SZ,2022/03/01,14.42,14.64,14.19,14.38,14.4,-0.02,-0.1389,35847.51,51515.63
002723.SZ,2022/03/02,14.29,14.42,14.19,14.35,14.38,-0.03,-0.2086,20723.0,29585.631
002723.SZ,2022/03/03,14.37,14.5,14.1,14.15,14.35,-0.2,-1.3937,26343.6,37476.187
002723.SZ,2022/03/04,14.18,14.21,13.9,14.02,14.15,-0.13,-0.9187,29479.4,41353.248
002723.SZ,2022/03/07,14.04,14.04,13.51,13.66,14.02,-0.36,-2.5678,29387.2,40330.228
002723.SZ,2022/03/08,13.78,13.78,12.79,12.97,13.66,-0.69,-5.0512,48814.43,63933.702
002723.SZ,2022/03/09,13.0,13.18,12.29,12.92,12.97,-0.05,-0.3855,44884.0,57288.358
002723.SZ,2022/03/10,13.15,13.15,12.52,12.94,12.92,0.02,0.1548,53755.0,68829.712
002723.SZ,2022/03/11,12.8,13.12,11.69,13.04,12.94,0.1,0.7728,44271.6,56881.048
002723.SZ,2022/03/14,13.15,13.29,12.75,13.04,13.04,0.0,0.0,43057.4,56259.985
002723.SZ,2022/03/15,13.06,13.06,12.2,12.27,13.04,-0.77,-5.9049,46420.0,58750.856
002723.SZ,2022/03/16,12.5,12.65,12.15,12.58,12.27,0.31,2.5265,48410.3,59916.633
002723.SZ,2022/03/17,12.7,13.71,12.61,13.45,12.58,0.87,6.9157,58000.6,77127.73
002723.SZ,2022/03/18,13.42,13.76,13.23,13.73,13.45,0.28,2.0818,32913.51,44770.529
002723.SZ,2022/03/21,13.73,14.47,13.73,14.15,13.73,0.42,3.059,45087.8,63773.572
002723.SZ,2022/03/22,14.11,14.5,13.98,14.16,14.15,0.01,0.0707,23775.9,33540.335
002723.SZ,2022/03/23,14.16,14.36,14.0,14.15,14.16,-0.01,-0.0706,28147.79,39826.829
002723.SZ,2022/03/24,14.06,14.14,13.93,13.98,14.15,-0.17,-1.2014,16994.0,23792.434
002723.SZ,2022/03/25,14.11,14.57,13.99,14.34,13.98,0.36,2.5751,31521.68,45219.319
002723.SZ,2022/03/28,14.21,14.55,14.13,14.41,14.34,0.07,0.4881,23714.8,34008.362
002723.SZ,2022/03/29,14.4,14.56,14.0,14.18,14.41,-0.23,-1.5961,29148.4,41306.018
002723.SZ,2022/03/30,14.17,14.49,13.63,14.31,14.18,0.13,0.9168,29140.2,41665.488
002723.SZ,2022/03/31,14.49,14.49,14.1,14.15,14.31,-0.16,-1.1181,16125.0,22873.798
002723.SZ,2022/04/01,14.15,14.24,14.0,14.04,14.15,-0.11,-0.7774,24079.0,33942.728
002723.SZ,2022/04/06,14.12,14.75,14.05,14.67,14.04,0.63,4.4872,36675.2,53203.649
002723.SZ,2022/04/07,14.8,15.2,14.26,14.29,14.67,-0.38,-2.5903,47503.2,70074.614
002723.SZ,2022/04/08,14.29,14.48,14.01,14.43,14.29,0.14,0.9797,33050.4,47234.423
002723.SZ,2022/04/11,14.44,15.15,14.02,14.22,14.43,-0.21,-1.4553,39898.0,57816.42
002723.SZ,2022/04/12,14.24,14.5,14.05,14.15,14.22,-0.07,-0.4923,20519.8,29161.086
002723.SZ,2022/04/13,14.35,14.4,13.88,14.06,14.15,-0.09,-0.636,37389.4,52943.331
002723.SZ,2022/04/14,14.06,14.21,13.9,14.02,14.06,-0.04,-0.2845,18468.8,25843.616
002723.SZ,2022/04/15,13.98,14.15,13.52,13.84,14.02,-0.18,-1.2839,15557.23,21380.506
002723.SZ,2022/04/18,13.99,14.0,13.5,14.0,13.84,0.16,1.1561,15750.4,21725.125
002723.SZ,2022/04/19,14.13,15.1,14.04,14.86,14.0,0.86,6.1429,53096.8,77990.44
002723.SZ,2022/04/20,15.05,15.48,15.05,15.25,14.86,0.39,2.6245,43658.2,66649.029
002723.SZ,2022/04/21,15.26,15.6,14.54,14.79,15.25,-0.46,-3.0164,53341.7,80466.09
002723.SZ,2022/04/22,14.82,14.83,14.23,14.39,14.79,-0.4,-2.7045,24046.6,34859.99
002723.SZ,2022/04/25,14.38,14.38,13.6,13.85,14.39,-0.54,-3.7526,31944.8,44323.623
002723.SZ,2022/04/26,14.18,14.19,13.6,13.77,13.85,-0.08,-0.5776,27330.53,37769.958
002723.SZ,2022/04/27,13.72,13.72,12.39,13.25,13.77,-0.52,-3.7763,80172.19,102139.762
002723.SZ,2022/04/28,13.3,13.3,12.62,12.95,13.25,-0.3,-2.2642,61291.94,79229.356
002723.SZ,2022/04/29,13.09,13.54,12.9,13.33,12.95,0.38,2.9344,40604.6,53919.706
002723.SZ,2022/05/05,13.33,13.93,13.16,13.93,13.33,0.6,4.5011,33292.89,45735.469
002723.SZ,2022/05/06,13.81,14.32,13.56,13.84,13.93,-0.09,-0.6461,33571.83,46917.194
002723.SZ,2022/05/09,13.86,14.49,13.83,14.31,13.84,0.47,3.396,39679.01,56686.017
002723.SZ,2022/05/10,14.21,14.78,14.11,14.64,14.31,0.33,2.3061,37493.8,54199.889
002723.SZ,2022/05/11,14.77,15.15,14.49,14.49,14.64,-0.15,-1.0246,43462.2,64709.067
002723.SZ,2022/05/12,14.78,14.92,14.43,14.55,14.49,0.06,0.4141,25569.8,37433.811
002723.SZ,2022/05/13,14.65,14.83,14.55,14.75,14.55,0.2,1.3746,18134.4,26686.268
002723.SZ,2022/05/16,15.03,16.23,14.92,15.99,14.75,1.24,8.4068,102957.0,161621.797
002723.SZ,2022/05/17,15.72,16.56,15.71,16.19,15.99,0.2,1.2508,78164.4,125872.288
002723.SZ,2022/05/18,16.39,16.97,16.15,16.8,16.19,0.61,3.7678,59947.6,99713.77
002723.SZ,2022/05/19,16.54,17.2,16.18,17.1,16.8,0.3,1.7857,82338.24,138881.548
002723.SZ,2022/05/20,17.3,18.08,17.22,18.07,17.1,0.97,5.6725,91505.94,162376.55
002723.SZ,2022/05/23,18.88,18.88,16.26,16.26,18.07,-1.81,-10.0166,100591.6,165670.571
002723.SZ,2022/05/24,16.11,16.28,14.63,14.63,16.26,-1.63,-10.0246,120768.5,186697.228
002723.SZ,2022/05/25,14.45,14.45,13.17,13.53,14.63,-1.1,-7.5188,175313.4,234333.6
002723.SZ,2022/05/26,13.3,13.53,12.89,13.09,13.53,-0.44,-3.252,109375.4,143576.462
002723.SZ,2022/05/27,13.19,13.22,12.85,12.99,13.09,-0.1,-0.7639,75916.56,98857.027
002723.SZ,2022/05/30,13.01,13.01,12.5,12.8,12.99,-0.19,-1.4627,67708.83,86078.957
002723.SZ,2022/05/31,12.81,13.83,12.8,13.72,12.8,0.92,7.1875,120857.99,161229.532
002723.SZ,2022/06/01,13.8,14.2,13.65,13.74,13.72,0.02,0.1458,73033.6,101523.374
002723.SZ,2022/06/02,13.81,13.96,13.0,13.41,13.74,-0.33,-2.4017,56822.4,76377.047
002723.SZ,2022/06/06,13.48,13.85,13.4,13.46,13.41,0.05,0.3729,54640.8,74190.791
002723.SZ,2022/06/07,13.3,13.35,12.11,12.11,13.46,-1.35,-10.0297,153360.0,188746.625
002723.SZ,2022/06/08,11.95,11.95,10.9,10.96,12.11,-1.15,-9.4963,220580.36,246144.331
002723.SZ,2022/06/09,10.85,11.18,10.45,11.13,10.96,0.17,1.5511,131477.4,143694.072
002723.SZ,2022/06/10,10.86,11.06,10.75,11.01,11.13,-0.12,-1.0782,95977.0,104737.241
002723.SZ,2022/06/13,10.82,10.99,10.81,10.89,11.01,-0.12,-1.0899,54152.8,58902.387
002723.SZ,2022/06/14,10.5,10.59,9.8,10.28,10.89,-0.61,-5.6015,244466.45,246648.833
002723.SZ,2022/06/15,10.26,10.4,10.06,10.17,10.28,-0.11,-1.07,123088.36,125870.122
002723.SZ,2022/06/16,10.17,10.48,10.12,10.46,10.17,0.29,2.8515,98001.25,101175.539
002723.SZ,2022/06/17,10.37,10.52,10.1,10.43,10.46,-0.03,-0.2868,76239.4,78701.828
002723.SZ,2022/06/20,10.44,11.09,10.44,11.05,10.43,0.62,5.9444,139556.51,150901.167
002723.SZ,2022/06/21,11.05,11.4,10.92,11.14,11.05,0.09,0.8145,126402.6,140996.35
002723.SZ,2022/06/22,11.13,11.87,11.03,11.58,11.14,0.44,3.9497,163131.73,187828.864
002723.SZ,2022/06/23,11.53,11.63,11.31,11.54,11.58,-0.04,-0.3454,86857.09,99802.485
002723.SZ,2022/06/24,11.61,12.1,11.61,12.05,11.54,0.51,4.4194,128573.13,153359.172
002723.SZ,2022/06/27,12.06,12.2,11.61,11.87,12.05,-0.18,-1.4938,129320.3,152900.638
002723.SZ,2022/06/28,11.97,12.13,11.72,11.9,11.87,0.03,0.2527,93433.06,111633.805
002723.SZ,2022/06/29,11.9,11.98,11.61,11.62,11.9,-0.28,-2.3529,71216.46,83576.516
002723.SZ,2022/06/30,11.62,12.1,11.6,11.84,11.62,0.22,1.8933,81167.37,96398.946
002723.SZ,2022/07/01,11.88,12.02,11.76,11.83,11.84,-0.01,-0.0845,42898.4,50869.194
002723.SZ,2022/07/04,11.74,11.74,11.56,11.64,11.83,-0.19,-1.6061,48359.87,56304.097
002723.SZ,2022/07/05,11.65,11.88,11.45,11.6,11.64,-0.04,-0.3436,47802.8,55560.14
002723.SZ,2022/07/06,11.59,11.64,11.37,11.6,11.6,0.0,0.0,48621.09,55798.035
002723.SZ,2022/07/07,11.57,11.57,11.34,11.36,11.6,-0.24,-2.069,55781.08,63620.827
002723.SZ,2022/07/08,11.45,11.62,11.37,11.51,11.36,0.15,1.3204,58204.37,67112.651
002723.SZ,2022/07/11,11.6,12.0,11.35,11.98,11.51,0.47,4.0834,96096.84,113013.88
002723.SZ,2022/07/12,11.94,12.1,11.72,11.79,11.98,-0.19,-1.586,85067.43,100875.325
002723.SZ,2022/07/13,11.81,11.93,11.68,11.78,11.79,-0.01,-0.0848,45000.4,52924.323
002723.SZ,2022/07/14,11.83,11.96,11.75,11.88,11.78,0.1,0.8489,45540.03,54009.582
002723.SZ,2022/07/15,11.72,11.94,11.6,11.85,11.88,-0.03,-0.2525,51456.55,60619.037
002723.SZ,2022/07/18,11.94,12.08,11.6,12.03,11.85,0.18,1.519,82254.14,98565.731
002723.SZ,2022/07/19,12.04,12.49,12.0,12.26,12.03,0.23,1.9119,91178.39,111608.864
002723.SZ,2022/07/20,12.24,12.92,12.03,12.91,12.26,0.65,5.3018,156048.44,196013.563
002723.SZ,2022/07/21,12.85,13.2,12.69,13.09,12.91,0.18,1.3943,142761.27,185553.332
002723.SZ,2022/07/22,13.18,13.23,12.54,12.78,13.09,-0.31,-2.3682,123434.72,158573.364
002723.SZ,2022/07/25,12.61,12.61,12.2,12.34,12.78,-0.44,-3.4429,81441.69,101093.487
002723.SZ,2022/07/26,12.49,12.8,12.34,12.68,12.34,0.34,2.7553,84123.77,105909.373
002723.SZ,2022/07/27,12.72,12.81,12.5,12.61,12.68,-0.07,-0.5521,63167.26,79983.072
002723.SZ,2022/07/28,12.62,12.88,12.41,12.42,12.61,-0.19,-1.5067,52377.77,65536.212
002723.SZ,2022/07/29,12.52,12.53,12.28,12.35,12.42,-0.07,-0.5636,40960.0,50687.953
002723.SZ,2022/08/01,12.51,12.51,11.89,12.28,12.35,-0.07,-0.5668,75899.3,92025.807
002723.SZ,2022/08/02,12.08,12.33,11.65,12.13,12.28,-0.15,-1.2215,65554.4,79087.7
002723.SZ,2022/08/03,12.12,12.64,12.02,12.09,12.13,-0.04,-0.3298,56695.1,69880.749
002723.SZ,2022/08/04,12.23,12.32,12.1,12.3,12.09,0.21,1.737,42290.65,51784.959
002723.SZ,2022/08/05,12.46,12.94,12.2,12.88,12.3,0.58,4.7154,89327.03,113559.516
002723.SZ,2022/08/08,12.94,13.98,12.65,13.89,12.88,1.01,7.8416,153240.04,207293.65
002723.SZ,2022/08/09,13.85,14.38,13.78,14.0,13.89,0.11,0.7919,144343.05,203067.503
002723.SZ,2022/08/10,13.96,14.15,13.73,13.99,14.0,-0.01,-0.0714,67583.2,94262.487
002723.SZ,2022/08/11,14.06,14.18,13.92,14.12,13.99,0.13,0.9292,47623.47,67041.563
002723.SZ,2022/08/12,14.19,14.53,14.15,14.46,14.12,0.34,2.4079,87317.21,125417.517
002723.SZ,2022/08/15,14.46,15.05,14.41,14.93,14.46,0.47,3.2503,103879.6,153701.513
002723.SZ,2022/08/16,14.87,15.4,14.7,15.17,14.93,0.24,1.6075,109757.27,166645.155
002723.SZ,2022/08/17,15.3,15.3,14.7,14.78,15.17,-0.39,-2.5709,89365.2,133725.465
002723.SZ,2022/08/18,14.6,15.19,14.5,14.55,14.78,-0.23,-1.5562,104879.56,155958.128
002723.SZ,2022/08/19,14.78,15.09,13.1,13.1,14.55,-1.45,-9.9656,170572.42,238128.39
002723.SZ,2022/08/22,12.85,13.35,12.6,12.89,13.1,-0.21,-1.6031,178012.76,230280.424
002723.SZ,2022/08/23,12.83,13.39,12.74,13.24,12.89,0.35,2.7153,103586.23,136251.83
002723.SZ,2022/08/24,13.31,13.38,12.73,12.78,13.24,-0.46,-3.4743,73565.04,95089.951
002723.SZ,2022/08/25,12.79,13.02,12.11,12.44,12.78,-0.34,-2.6604,76542.0,95567.902
002723.SZ,2022/08/26,12.53,12.9,12.5,12.58,12.44,0.14,1.1254,76785.94,97793.655
002723.SZ,2022/08/29,12.48,13.27,12.23,13.15,12.58,0.57,4.531,118970.22,153847.5
002723.SZ,2022/08/30,13.26,13.31,12.85,12.9,13.15,-0.25,-1.9011,63321.33,82363.973
002723.SZ,2022/08/31,12.9,12.91,12.42,12.52,12.9,-0.38,-2.9457,62804.49,79100.93
002723.SZ,2022/09/01,12.58,12.73,12.4,12.58,12.52,0.06,0.4792,39209.75,49219.339
002723.SZ,2022/09/02,12.58,12.7,12.27,12.63,12.58,0.05,0.3975,40775.43,50977.915
002723.SZ,2022/09/05,12.68,12.75,12.34,12.42,12.63,-0.21,-1.6627,48598.84,60804.994
002723.SZ,2022/09/06,12.46,12.67,12.07,12.28,12.42,-0.14,-1.1272,68916.36,84738.593
002723.SZ,2022/09/07,12.22,12.68,12.1,12.66,12.28,0.38,3.0945,77697.49,96413.552
002723.SZ,2022/09/08,12.67,13.58,12.39,13.3,12.66,0.64,5.0553,220367.78,290945.927
002723.SZ,2022/09/09,13.28,13.53,13.04,13.29,13.3,-0.01,-0.0752,78127.45,103945.2
002723.SZ,2022/09/13,13.35,13.62,13.29,13.53,13.29,0.24,1.8059,67051.76,90385.947
002723.SZ,2022/09/14,13.25,13.65,13.18,13.4,13.53,-0.13,-0.9608,63161.4,84498.078
002723.SZ,2022/09/15,13.46,13.51,12.99,13.14,13.4,-0.26,-1.9403,61599.9,81443.099
002723.SZ,2022/09/16,13.28,13.28,12.5,12.55,13.14,-0.59,-4.4901,58669.65,75547.588
002723.SZ,2022/09/19,12.73,13.62,12.5,13.4,12.55,0.85,6.7729,109578.61,144728.324
002723.SZ,2022/09/20,14.1,14.62,12.3,12.91,13.4,-0.49,-3.6567,248742.15,332352.388
002723.SZ,2022/09/21,12.79,12.83,12.0,12.23,12.91,-0.68,-5.2672,127735.24,156389.535
002723.SZ,2022/09/22,12.0,12.79,12.0,12.4,12.23,0.17,1.39,114290.18,142761.677
002723.SZ,2022/09/23,12.35,12.44,11.18,11.77,12.4,-0.63,-5.0806,125078.42,148364.704
002723.SZ,2022/09/26,11.62,11.62,10.7,10.79,11.77,-0.98,-8.3263,107142.73,117959.866
002723.SZ,2022/09/27,10.9,11.2,10.45,10.94,10.79,0.15,1.3902,98684.98,106896.536
002723.SZ,2022/09/28,10.81,11.1,10.45,10.9,10.94,-0.04,-0.3656,86380.0,92295.468
002723.SZ,2022/09/29,10.8,11.99,10.62,11.99,10.9,1.09,10.0,191695.79,217826.096
002723.SZ,2022/09/30,11.45,11.58,10.8,11.11,11.99,-0.88,-7.3394,166968.57,185360.615
002723.SZ,2022/10/10,11.07,11.78,10.69,11.5,11.11,0.39,3.5104,133149.63,150385.233
002723.SZ,2022/10/11,11.58,12.65,11.56,12.65,11.5,1.15,10.0,204447.59,248253.57
002723.SZ,2022/10/12,12.18,13.52,11.39,12.54,12.65,-0.11,-0.8696,235434.81,288212.572
002723.SZ,2022/10/13,12.19,12.5,11.98,12.35,12.54,-0.19,-1.5152,152755.2,186728.872
002723.SZ,2022/10/14,12.25,12.83,11.9,12.6,12.35,0.25,2.0243,185362.63,231091.473
002723.SZ,2022/10/17,12.36,12.75,12.17,12.56,12.6,-0.04,-0.3175,116887.97,145918.626
002723.SZ,2022/10/18,12.41,13.02,12.36,12.76,12.56,0.2,1.5924,151006.88,192836.04
002723.SZ,2022/10/19,12.59,12.88,12.31,12.31,12.76,-0.45,-3.5266,117150.52,147111.686
002723.SZ,2022/10/20,12.3,12.59,11.8,12.41,12.31,0.1,0.8123,111620.15,135515.384
002723.SZ,2022/10/21,12.18,12.41,11.53,11.53,12.41,-0.88,-7.0911,98681.96,118683.805
002723.SZ,2022/10/24,11.51,11.85,11.2,11.4,11.53,-0.13,-1.1275,81186.65,93429.045
002723.SZ,2022/10/25,11.3,11.46,11.11,11.18,11.4,-0.22,-1.9298,56515.0,63572.85
002723.SZ,2022/10/26,11.28,11.75,11.22,11.56,11.18,0.38,3.3989,75462.61,87073.342
002723.SZ,2022/10/27,11.56,12.03,11.56,11.74,11.56,0.18,1.5571,86805.74,102469.857
002723.SZ,2022/10/28,11.79,11.98,11.0,11.27,11.74,-0.47,-4.0034,87711.56,99601.255
002723.SZ,2022/10/31,11.37,11.6,11.23,11.34,11.27,0.07,0.6211,46551.0,53004.009
002723.SZ,2022/11/01,11.26,11.79,11.26,11.7,11.34,0.36,3.1746,79120.52,91527.568
002723.SZ,2022/11/02,11.69,11.86,11.55,11.74,11.7,0.04,0.3419,62083.13,72421.709
002723.SZ,2022/11/03,11.59,11.74,11.45,11.52,11.74,-0.22,-1.8739,49277.22,57078.02
002723.SZ,2022/11/04,11.56,11.72,11.47,11.61,11.52,0.09,0.7813,65414.8,75793.711
002723.SZ,2022/11/07,11.6,11.73,11.49,11.69,11.61,0.08,0.6891,61764.61,71821.533
002723.SZ,2022/11/08,11.7,11.72,11.46,11.6,11.69,-0.09,-0.7699,48754.5,56411.299
002723.SZ,2022/11/09,11.6,12.76,11.52,12.76,11.6,1.16,10.0,271929.61,340046.294
002723.SZ,2022/11/10,13.0,13.25,12.18,12.59,12.76,-0.17,-1.3323,327311.3,415617.172
002723.SZ,2022/11/11,12.57,12.68,12.23,12.43,12.59,-0.16,-1.2708,190797.72,237861.314
002723.SZ,2022/11/14,12.4,12.52,12.1,12.24,12.43,-0.19,-1.5286,123148.87,151642.514
002723.SZ,2022/11/15,12.3,12.39,12.15,12.38,12.24,0.14,1.1438,108163.57,132884.704
002723.SZ,2022/11/16,12.36,12.52,12.2,12.36,12.38,-0.02,-0.1616,101262.52,125324.313
002723.SZ,2022/11/17,12.28,12.69,12.2,12.43,12.36,0.07,0.5663,109054.57,135460.405
002723.SZ,2022/11/18,12.44,12.59,12.28,12.33,12.43,-0.1,-0.8045,132708.11,164763.957
002723.SZ,2022/11/21,13.55,13.55,12.2,12.43,12.33,0.1,0.811,153298.22,191931.535
002723.SZ,2022/11/22,12.35,12.52,12.25,12.3,12.43,-0.13,-1.0459,86312.0,106555.695
002723.SZ,2022/11/23,12.25,12.43,12.1,12.32,12.3,0.02,0.1626,69888.33,85578.893
002723.SZ,2022/11/24,12.3,12.41,12.14,12.15,12.32,-0.17,-1.3799,51758.8,63295.316
002723.SZ,2022/11/25,12.18,12.48,12.12,12.26,12.15,0.11,0.9053,66497.33,81905.869
002723.SZ,2022/11/28,12.15,12.56,12.13,12.48,12.26,0.22,1.7945,80867.86,100262.442
002723.SZ,2022/11/29,12.35,12.65,12.35,12.56,12.48,0.08,0.641,76124.1,95368.928
002723.SZ,2022/11/30,12.41,12.99,12.4,12.82,12.56,0.26,2.0701,139299.95,178071.085
002723.SZ,2022/12/01,12.89,13.1,12.71,12.99,12.82,0.17,1.3261,98659.07,127643.262
002723.SZ,2022/12/02,12.98,13.57,12.85,13.4,12.99,0.41,3.1563,135914.8,180650.25
002723.SZ,2022/12/05,13.45,13.66,13.28,13.38,13.4,-0.02,-0.1493,102004.6,137110.327
002723.SZ,2022/12/06,13.36,13.51,13.25,13.42,13.38,0.04,0.299,74719.4,99911.115
002723.SZ,2022/12/07,13.43,13.65,13.35,13.6,13.42,0.18,1.3413,62089.21,83778.352
002723.SZ,2022/12/08,13.6,13.79,13.51,13.59,13.6,-0.01,-0.0735,66590.04,90834.215
002723.SZ,2022/12/09,13.64,14.22,13.54,14.0,13.59,0.41,3.0169,112972.23,157330.072
002723.SZ,2022/12/12,13.9,14.14,13.32,13.35,14.0,-0.65,-4.6429,90465.6,122489.984
002723.SZ,2022/12/13,13.43,13.74,13.27,13.61,13.35,0.26,1.9476,62074.4,84284.703
002723.SZ,2022/12/14,13.7,13.97,13.5,13.63,13.61,0.02,0.147,60461.07,83032.102
002723.SZ,2022/12/15,13.82,13.92,13.4,13.49,13.63,-0.14,-1.0271,49798.3,67891.613
002723.SZ,2022/12/16,13.49,13.99,13.39,13.92,13.49,0.43,3.1875,63455.6,86777.104
002723.SZ,2022/12/19,13.95,14.08,13.25,13.5,13.92,-0.42,-3.0172,82219.06,111758.63
002723.SZ,2022/12/20,13.5,13.58,13.2,13.28,13.5,-0.22,-1.6296,34013.0,45379.734
002723.SZ,2022/12/21,13.28,13.51,13.2,13.45,13.28,0.17,1.2801,47244.0,63080.475
002723.SZ,2022/12/22,13.41,13.88,13.06,13.26,13.45,-0.19,-1.4126,79818.0,108235.645
002723.SZ,2022/12/23,13.3,13.3,12.3,12.85,13.26,-0.41,-3.092,119152.24,151867.268
002723.SZ,2022/12/26,12.69,13.25,12.61,12.95,12.85,0.1,0.7782,50185.1,65080.539
002723.SZ,2022/12/27,12.95,12.97,12.58,12.7,12.95,-0.25,-1.9305,46628.32,59506.155
002723.SZ,2022/12/28,12.66,12.81,12.61,12.71,12.7,0.01,0.0787,36701.2,46643.941
002723.SZ,2022/12/29,12.71,13.74,12.71,13.55,12.71,0.84,6.609,129646.9,172613.5
002723.SZ,2022/12/30,13.47,14.02,13.44,13.95,13.55,0.4,2.952,144582.77,201058.513
002723.SZ,2023/01/03,13.95,14.3,13.92,14.12,13.95,0.17,1.2186,194404.8,274868.837
002723.SZ,2023/01/04,14.12,14.5,13.89,14.39,14.12,0.27,1.9122,147880.64,211456.098
002723.SZ,2023/01/05,14.4,14.47,14.18,14.43,14.39,0.04,0.278,102411.51,147454.746
002723.SZ,2023/01/06,14.3,14.59,12.99,12.99,14.43,-1.44,-9.9792,207991.0,277589.443
002723.SZ,2023/01/09,12.98,13.74,12.56,13.63,12.99,0.64,4.9269,208266.5,275510.703
002723.SZ,2023/01/10,13.91,13.94,13.52,13.71,13.63,0.08,0.5869,79624.0,109464.924
002723.SZ,2023/01/11,13.99,14.19,12.34,12.34,13.71,-1.37,-9.9927,285547.51,368678.184
002723.SZ,2023/01/12,11.13,12.34,11.13,11.36,12.34,-0.98,-7.9417,319795.46,364885.772
002723.SZ,2023/01/13,11.2,11.43,11.02,11.2,11.36,-0.16,-1.4085,159486.01,178250.287
002723.SZ,2023/01/16,11.08,11.23,10.82,11.2,11.2,0.0,0.0,149312.86,164568.935
002723.SZ,2023/01/17,11.1,11.3,11.06,11.18,11.2,-0.02,-0.1786,73590.87,82260.78
002723.SZ,2023/01/18,11.25,11.31,11.12,11.16,11.18,-0.02,-0.1789,63849.4,71519.289
002723.SZ,2023/01/19,11.19,11.19,10.97,11.0,11.16,-0.16,-1.4337,81314.6,89739.02
002723.SZ,2023/01/20,11.04,11.18,11.0,11.18,11.0,0.18,1.6364,65162.2,72196.71
002723.SZ,2023/01/30,11.22,11.51,11.22,11.45,11.18,0.27,2.415,105546.26,120138.364
002723.SZ,2023/01/31,11.45,11.65,11.36,11.63,11.45,0.18,1.5721,66815.66,77056.709
002723.SZ,2023/02/01,11.7,11.77,11.57,11.75,11.63,0.12,1.0318,71346.86,83319.762
002723.SZ,2023/02/02,11.77,11.85,11.7,11.73,11.75,-0.02,-0.1702,66612.17,78377.225
002723.SZ,2023/02/03,11.7,11.73,11.54,11.64,11.73,-0.09,-0.7673,56542.32,65801.347
002723.SZ,2023/02/06,11.63,11.84,11.53,11.7,11.64,0.06,0.5155,46366.88,54238.513
002723.SZ,2023/02/07,11.75,11.81,11.54,11.64,11.7,-0.06,-0.5128,53322.51,62159.692
002723.SZ,2023/02/08,11.62,11.68,11.57,11.6,11.64,-0.04,-0.3436,41849.4,48626.509
002723.SZ,2023/02/09,11.59,11.6,11.37,11.6,11.6,0.0,0.0,48367.94,55717.157
002723.SZ,2023/02/10,11.61,11.66,11.45,11.49,11.6,-0.11,-0.9483,46129.11,53219.383
002723.SZ,2023/02/13,11.49,11.53,11.3,11.38,11.49,-0.11,-0.9574,72626.83,82737.29
002723.SZ,2023/02/14,11.4,11.45,11.36,11.39,11.38,0.01,0.0879,41843.21,47689.195
002723.SZ,2023/02/15,11.43,11.6,11.37,11.57,11.39,0.18,1.5803,58943.73,67842.583
002723.SZ,2023/02/16,11.57,11.7,11.18,11.29,11.57,-0.28,-2.4201,81307.8,93482.324
002723.SZ,2023/02/17,11.28,11.44,11.21,11.39,11.29,0.1,0.8857,49894.0,56518.526
002723.SZ,2023/02/20,11.32,11.4,11.21,11.36,11.39,-0.03,-0.2634,44324.0,50030.521
002723.SZ,2023/02/21,11.36,11.65,11.36,11.56,11.36,0.2,1.7606,64696.5,74490.215
002723.SZ,2023/02/22,11.66,11.69,11.4,11.63,11.56,0.07,0.6055,65141.75,75470.769
002723.SZ,2023/02/23,11.63,11.72,11.52,11.59,11.63,-0.04,-0.3439,66563.4,77392.245
002723.SZ,2023/02/24,11.58,11.64,11.51,11.59,11.59,0.0,0.0,46051.63,53300.171
002723.SZ,2023/02/27,11.6,11.6,11.4,11.41,11.59,-0.18,-1.5531,36055.8,41357.321
002723.SZ,2023/02/28,11.41,11.49,11.35,11.43,11.41,0.02,0.1753,35351.4,40349.087
002723.SZ,2023/03/01,11.44,11.47,11.34,11.45,11.43,0.02,0.175,33312.43,37976.272
002723.SZ,2023/03/02,11.44,11.48,11.28,11.31,11.45,-0.14,-1.2227,46665.0,53055.655
002723.SZ,2023/03/03,11.3,11.39,11.18,11.33,11.31,0.02,0.1768,48255.83,54447.523
002723.SZ,2023/03/06,11.28,11.48,11.27,11.43,11.33,0.1,0.8826,50718.0,57780.082
002723.SZ,2023/03/07,11.43,11.49,11.25,11.27,11.43,-0.16,-1.3998,42821.92,48599.975
002723.SZ,2023/03/08,11.21,11.3,11.2,11.27,11.27,0.0,0.0,27351.0,30742.771
002723.SZ,2023/03/09,11.26,11.29,11.21,11.25,11.27,-0.02,-0.1775,22873.0,25710.405
002723.SZ,2023/03/10,11.22,11.35,10.13,10.18,11.25,-1.07,-9.5111,195315.23,205252.007
002723.SZ,2023/03/13,10.25,11.06,10.22,10.96,10.18,0.78,7.6621,164992.98,176938.995
002723.SZ,2023/03/14,10.96,10.98,10.65,10.68,10.96,-0.28,-2.5547,68581.52,73739.021
002723.SZ,2023/03/15,10.66,10.77,10.46,10.47,10.68,-0.21,-1.9663,55124.2,58197.437
002723.SZ,2023/03/16,10.5,10.56,10.4,10.51,10.47,0.04,0.382,42911.0,44996.705
002723.SZ,2023/03/17,10.52,10.6,9.59,10.25,10.51,-0.26,-2.4738,167805.48,168794.487
002723.SZ,2023/03/20,10.19,10.37,9.86,10.31,10.25,0.06,0.5854,113376.08,114932.847
002723.SZ,2023/03/21,10.26,10.34,10.2,10.24,10.31,-0.07,-0.679,63744.34,65547.477
002723.SZ,2023/03/22,10.23,10.27,10.05,10.09,10.24,-0.15,-1.4648,49849.0,50492.114
002723.SZ,2023/03/23,10.09,10.12,9.94,9.95,10.09,-0.14,-1.3875,47926.8,47921.636
002723.SZ,2023/03/24,9.99,10.18,9.9,10.07,9.95,0.12,1.206,47086.48,47279.952
002723.SZ,2023/03/27,10.07,10.28,9.97,10.18,10.07,0.11,1.0924,75832.4,76731.278
002723.SZ,2023/03/28,10.17,10.33,10.09,10.22,10.18,0.04,0.3929,52125.0,53167.797
002723.SZ,2023/03/29,10.22,10.29,10.11,10.23,10.22,0.01,0.0978,40007.4,40816.977
002723.SZ,2023/03/30,10.25,10.25,9.99,10.03,10.23,-0.2,-1.955,48867.4,49293.02
002723.SZ,2023/03/31,10.06,10.15,9.94,10.13,10.03,0.1,0.997,45147.2,45378.548
002723.SZ,2023/04/03,10.08,10.1,9.69,9.84,10.13,-0.29,-2.8628,88588.57,87593.572
002723.SZ,2023/04/04,9.87,10.07,9.68,9.84,9.84,0.0,0.0,96739.0,95120.445
002723.SZ,2023/04/06,9.83,10.09,9.79,10.07,9.84,0.23,2.3374,65021.2,64716.695
002723.SZ,2023/04/07,10.07,10.44,10.01,10.32,10.07,0.25,2.4826,116565.96,119161.349
002723.SZ,2023/04/10,10.32,10.54,10.32,10.45,10.32,0.13,1.2597,64203.0,67058.349
002723.SZ,2023/04/11,10.45,10.65,10.34,10.58,10.45,0.13,1.244,58169.0,61280.437
002723.SZ,2023/04/12,10.57,10.94,10.54,10.72,10.58,0.14,1.3233,66606.02,71612.896
002723.SZ,2023/04/13,10.7,10.86,10.64,10.81,10.72,0.09,0.8396,49356.0,53178.828
002723.SZ,2023/04/14,10.75,10.82,10.58,10.66,10.81,-0.15,-1.3876,43554.0,46517.345
002723.SZ,2023/04/17,10.66,10.76,10.6,10.65,10.66,-0.01,-0.0938,29494.4,31414.726
002723.SZ,2023/04/18,10.7,10.7,10.45,10.6,10.65,-0.05,-0.4695,33830.97,35641.23
002723.SZ,2023/04/19,10.6,10.84,10.49,10.73,10.6,0.13,1.2264,48856.85,52326.919
002723.SZ,2023/04/20,10.65,10.79,10.51,10.72,10.73,-0.01,-0.0932,39406.0,42010.387
002723.SZ,2023/04/21,10.7,10.7,10.3,10.48,10.72,-0.24,-2.2388,36375.0,38229.537
002723.SZ,2023/04/24,10.33,10.56,10.15,10.39,10.48,-0.09,-0.8588,39520.0,40974.944
002723.SZ,2023/04/25,10.4,10.45,10.14,10.45,10.39,0.06,0.5775,43635.08,44949.778
002723.SZ,2023/04/26,10.48,10.51,10.37,10.47,10.45,0.02,0.1914,20587.05,21506.817
002723.SZ,2023/04/27,10.44,10.56,10.37,10.44,10.47,-0.03,-0.2865,34502.4,36084.491
002723.SZ,2023/04/28,10.5,10.64,10.4,10.6,10.44,0.16,1.5326,42325.6,44756.858
002723.SZ,2023/05/04,10.6,10.66,10.51,10.58,10.6,-0.02,-0.1887,33282.2,35275.958
002723.SZ,2023/05/05,10.58,10.58,10.37,10.41,10.58,-0.17,-1.6068,30862.2,32265.5
002723.SZ,2023/05/08,10.41,10.44,10.16,10.21,10.41,-0.2,-1.9212,44681.6,45786.402
002723.SZ,2023/05/09,10.21,10.28,10.07,10.17,10.21,-0.04,-0.3918,39372.0,39995.42
002723.SZ,2023/05/10,10.17,10.26,10.0,10.11,10.17,-0.06,-0.59,34607.0,35029.388
002723.SZ,2023/05/11,10.14,10.14,10.01,10.07,10.11,-0.04,-0.3956,28358.0,28541.593
002723.SZ,2023/05/12,10.04,10.12,9.92,10.08,10.07,0.01,0.0993,52740.72,52848.835
002723.SZ,2023/05/15,10.01,10.09,9.92,9.95,10.08,-0.13,-1.2897,43126.85,43062.76
002723.SZ,2023/05/16,9.93,9.99,9.61,9.92,9.95,-0.03,-0.3015,72254.83,70998.808
002723.SZ,2023/05/17,9.86,10.05,9.77,10.04,9.92,0.12,1.2097,41710.0,41525.469
002723.SZ,2023/05/18,10.06,10.07,9.93,9.95,10.04,-0.09,-0.8964,25804.17,25789.997
002723.SZ,2023/05/19,9.96,10.07,9.86,10.07,9.95,0.12,1.206,37262.19,37229.97
002723.SZ,2023/05/22,10.08,10.56,10.08,10.53,10.07,0.46,4.568,90841.4,94044.177
002723.SZ,2023/05/23,10.55,10.7,10.42,10.57,10.53,0.04,0.3799,59103.6,62268.421
002723.SZ,2023/05/24,10.58,10.67,10.47,10.63,10.57,0.06,0.5676,44539.95,47197.01
002723.SZ,2023/05/25,10.55,10.7,10.45,10.58,10.63,-0.05,-0.4704,27677.4,29289.083
002723.SZ,2023/05/26,10.65,10.68,10.44,10.59,10.58,0.01,0.0945,32760.21,34582.31
002723.SZ,2023/05/29,10.63,10.64,10.44,10.47,10.59,-0.12,-1.1331,32187.0,33826.771
002723.SZ,2023/05/30,10.52,10.56,10.4,10.48,10.47,0.01,0.0955,39198.46,41082.57
002723.SZ,2023/05/31,10.5,10.63,10.4,10.43,10.48,-0.05,-0.4771,37802.6,39697.236
002723.SZ,2023/06/01,10.4,10.54,10.22,10.38,10.43,-0.05,-0.4794,36110.61,37647.74
002723.SZ,2023/06/02,10.41,10.46,10.12,10.36,10.38,-0.02,-0.1927,46239.0,47482.04
002723.SZ,2023/06/05,10.36,10.42,10.25,10.28,10.36,-0.08,-0.7722,26371.4,27185.629
002723.SZ,2023/06/06,10.28,10.37,10.14,10.18,10.28,-0.1,-0.9728,41942.8,42881.989
002723.SZ,2023/06/07,10.18,10.29,10.13,10.19,10.18,0.01,0.0982,28411.8,28998.532
002723.SZ,2023/06/08,10.24,10.27,10.11,10.22,10.19,0.03,0.2944,38209.6,38905.483
002723.SZ,2023/06/09,10.17,10.3,10.14,10.18,10.22,-0.04,-0.3914,34315.21,34998.578
002723.SZ,2023/06/12,10.17,10.21,10.04,10.16,10.18,-0.02,-0.1965,27513.8,27929.381
002723.SZ,2023/06/13,10.21,10.35,10.11,10.3,10.16,0.14,1.378,49932.81,51143.957
002723.SZ,2023/06/14,10.29,10.43,10.23,10.42,10.3,0.12,1.165,60382.86,62544.071
002723.SZ,2023/06/15,10.4,10.49,10.14,10.24,10.42,-0.18,-1.7274,70855.4,73011.514
002723.SZ,2023/06/16,10.27,10.51,10.19,10.28,10.24,0.04,0.3906,47786.81,49560.633
002723.SZ,2023/06/19,10.24,10.51,10.22,10.47,10.28,0.19,1.8482,63702.6,66157.019
002723.SZ,2023/06/20,10.47,10.54,10.38,10.39,10.47,-0.08,-0.7641,41177.8,43062.974
002723.SZ,2023/06/21,10.4,10.48,10.27,10.28,10.39,-0.11,-1.0587,40703.81,42163.421
002723.SZ,2023/06/26,10.28,10.33,10.1,10.17,10.28,-0.11,-1.07,36744.0,37347.161
002723.SZ,2023/06/27,10.17,10.3,10.11,10.21,10.17,0.04,0.3933,27398.81,28004.887
002723.SZ,2023/06/28,10.22,10.25,10.05,10.21,10.21,0.0,0.0,30355.0,30839.445
002723.SZ,2023/06/29,10.18,10.27,10.09,10.1,10.21,-0.11,-1.0774,27508.4,27950.827
002723.SZ,2023/06/30,10.16,10.25,10.08,10.22,10.1,0.12,1.1881,41056.0,41771.947
002723.SZ,2023/07/03,10.23,11.24,10.23,11.24,10.22,1.02,9.9804,326918.5,361202.217
002723.SZ,2023/07/04,11.03,11.39,11.0,11.31,11.24,0.07,0.6228,262210.21,294566.675
002723.SZ,2023/07/05,11.3,11.82,11.13,11.16,11.31,-0.15,-1.3263,199670.4,228243.906
002723.SZ,2023/07/06,11.23,11.35,11.04,11.21,11.16,0.05,0.448,104115.45,116679.285
002723.SZ,2023/07/07,11.18,11.5,11.18,11.38,11.21,0.17,1.5165,110872.78,125903.094
002723.SZ,2023/07/10,11.5,11.57,11.14,11.31,11.38,-0.07,-0.6151,93020.8,105320.597
002723.SZ,2023/07/11,11.31,11.5,11.3,11.43,11.31,0.12,1.061,83294.0,95086.189
002723.SZ,2023/07/12,11.36,12.39,11.35,11.49,11.43,0.06,0.5249,212063.84,249141.743
002723.SZ,2023/07/13,11.83,12.5,11.5,12.16,11.49,0.67,5.8312,446653.82,538839.152
002723.SZ,2023/07/14,12.27,13.19,12.13,12.75,12.16,0.59,4.852,555931.62,704810.537
002723.SZ,2023/07/17,13.03,13.12,12.3,12.98,12.75,0.23,1.8039,367647.6,468016.86
002723.SZ,2023/07/18,13.07,13.22,11.81,12.0,12.98,-0.98,-7.5501,410576.54,512942.808
002723.SZ,2023/07/19,12.28,12.5,11.87,12.19,12.0,0.19,1.5833,272079.81,331161.396
002723.SZ,2023/07/20,12.13,12.19,11.66,11.8,12.19,-0.39,-3.1993,200822.75,238727.192
002723.SZ,2023/07/21,11.71,11.94,11.23,11.36,11.8,-0.44,-3.7288,233157.0,269003.96
002723.SZ,2023/07/24,11.41,12.28,11.39,11.81,11.36,0.45,3.9613,225315.64,266294.243
002723.SZ,2023/07/25,11.81,11.94,11.54,11.82,11.81,0.01,0.0847,156761.8,184051.681
002723.SZ,2023/07/26,11.82,12.08,11.57,11.6,11.82,-0.22,-1.8613,145927.0,172545.449
002723.SZ,2023/07/27,11.68,11.83,11.45,11.55,11.6,-0.05,-0.431,96271.9,111845.001
002723.SZ,2023/07/28,11.45,11.63,11.27,11.27,11.55,-0.28,-2.4242,106086.0,121349.676
002723.SZ,2023/07/31,11.16,11.39,11.06,11.21,11.27,-0.06,-0.5324,116176.69,130388.727
002723.SZ,2023/08/01,11.23,11.96,11.22,11.63,11.21,0.42,3.7467,162901.19,187955.22
002723.SZ,2023/08/02,11.67,12.3,11.63,11.96,11.63,0.33,2.8375,152013.9,182868.701
002723.SZ,2023/08/03,12.13,12.48,11.96,12.33,11.96,0.37,3.0936,168945.1,207336.502
002723.SZ,2023/08/04,12.1,12.37,11.86,12.22,12.33,-0.11,-0.8921,139663.65,170106.932
002723.SZ,2023/08/07,12.3,12.42,11.8,11.88,12.22,-0.34,-2.7823,125218.0,151561.858
002723.SZ,2023/08/08,11.84,12.01,11.5,11.83,11.88,-0.05,-0.4209,116444.2,136828.037
002723.SZ,2023/08/09,11.81,11.83,11.61,11.67,11.83,-0.16,-1.3525,59826.7,70049.763
002723.SZ,2023/08/10,11.68,11.74,11.57,11.63,11.67,-0.04,-0.3428,46728.83,54377.727
002723.SZ,2023/08/11,11.6,12.05,11.32,11.49,11.63,-0.14,-1.2038,99446.3,116573.731
002723.SZ,2023/08/14,11.45,11.59,11.19,11.52,11.49,0.03,0.2611,102084.2,115968.415
002723.SZ,2023/08/15,11.5,11.55,11.27,11.31,11.52,-0.21,-1.8229,69829.78,79504.493
002723.SZ,2023/08/16,11.38,11.43,10.96,11.16,11.31,-0.15,-1.3263,89419.2,99965.165
002723.SZ,2023/08/17,11.14,11.3,11.03,11.14,11.16,-0.02,-0.1792,80368.5,89565.369
002723.SZ,2023/08/18,11.1,11.19,10.9,10.94,11.14,-0.2,-1.7953,70545.03,77930.405
002723.SZ,2023/08/21,10.94,11.25,10.9,10.94,10.94,0.0,0.0,64447.36,71516.217
002723.SZ,2023/08/22,11.0,11.1,10.66,10.91,10.94,-0.03,-0.2742,81273.0,88140.192
002723.SZ,2023/08/23,10.9,10.9,10.6,10.73,10.91,-0.18,-1.6499,44863.0,48059.06
002723.SZ,2023/08/24,10.67,10.86,10.48,10.65,10.73,-0.08,-0.7456,85912.22,91488.848
002723.SZ,2023/08/25,10.82,11.08,10.6,10.66,10.65,0.01,0.0939,147552.65,159994.241
002723.SZ,2023/08/28,11.2,11.33,10.4,10.63,10.66,-0.03,-0.2814,148537.45,159205.661
002723.SZ,2023/08/29,10.63,11.43,10.52,11.31,10.63,0.68,6.397,136105.0,151471.369
002723.SZ,2023/08/30,11.34,11.45,10.98,11.05,11.31,-0.26,-2.2989,85099.2,94797.979
002723.SZ,2023/08/31,11.19,11.2,10.54,10.59,11.05,-0.46,-4.1629,107551.0,115309.937
002723.SZ,2023/09/01,10.63,10.74,10.55,10.62,10.59,0.03,0.2833,52086.6,55304.812
002723.SZ,2023/09/04,10.67,10.84,10.6,10.82,10.62,0.2,1.8832,78678.36,84328.77
002723.SZ,2023/09/05,10.77,11.02,10.7,10.99,10.82,0.17,1.5712,75595.4,82108.207
002723.SZ,2023/09/06,10.93,11.26,10.86,11.2,10.99,0.21,1.9108,63469.0,70395.262
002723.SZ,2023/09/07,11.2,11.32,10.81,10.85,11.2,-0.35,-3.125,59832.0,65862.317
002723.SZ,2023/09/08,10.8,10.93,10.74,10.79,10.85,-0.06,-0.553,42667.0,46179.171
002723.SZ,2023/09/11,10.82,11.15,10.67,10.93,10.79,0.14,1.2975,85716.4,93880.648
002723.SZ,2023/09/12,10.87,11.66,10.87,11.57,10.93,0.64,5.8554,173129.0,197825.259
002723.SZ,2023/09/13,11.55,11.71,11.4,11.62,11.57,0.05,0.4322,105989.24,122525.877
002723.SZ,2023/09/14,11.62,11.72,11.3,11.5,11.62,-0.12,-1.0327,119054.23,136912.833
002723.SZ,2023/09/15,11.62,11.7,11.45,11.68,11.5,0.18,1.5652,87137.0,100904.508
002723.SZ,2023/09/18,11.55,11.7,11.47,11.6,11.68,-0.08,-0.6849,87323.21,101183.134
002723.SZ,2023/09/19,11.5,11.69,11.5,11.56,11.6,-0.04,-0.3448,50123.19,58032.125
002723.SZ,2023/09/20,11.66,11.77,11.5,11.68,11.56,0.12,1.0381,78794.83,91596.744
002723.SZ,2023/09/21,11.7,11.7,11.34,11.56,11.68,-0.12,-1.0274,98588.0,113708.432
002723.SZ,2023/09/22,11.59,11.78,11.43,11.56,11.56,0.0,0.0,84340.09,97140.084
002723.SZ,2023/09/25,11.64,11.64,11.4,11.47,11.56,-0.09,-0.7785,66473.71,76165.078
002723.SZ,2023/09/26,11.47,11.58,11.39,11.48,11.47,0.01,0.0872,59657.0,68331.902
002723.SZ,2023/09/27,11.45,12.0,11.41,11.72,11.48,0.24,2.0906,134886.15,158023.058
002723.SZ,2023/09/28,11.85,12.34,11.8,12.28,11.72,0.56,4.7782,241814.75,293425.382
002723.SZ,2023/10/09,12.18,12.32,11.98,12.13,12.28,-0.15,-1.2215,142219.85,172206.356
002723.SZ,2023/10/10,12.3,12.3,11.61,11.88,12.13,-0.25,-2.061,150140.26,178305.155
002723.SZ,2023/10/11,11.93,11.95,11.68,11.77,11.88,-0.11,-0.9259,88429.03,104081.838
002723.SZ,2023/10/12,11.8,11.8,11.52,11.7,11.77,-0.07,-0.5947,109023.03,127001.338
002723.SZ,2023/10/13,11.75,11.75,11.44,11.65,11.7,-0.05,-0.4274,123639.83,143067.639
002723.SZ,2023/10/16,11.63,11.63,11.44,11.55,11.65,-0.1,-0.8584,77403.0,89082.391
002723.SZ,2023/10/17,11.53,12.18,11.48,11.84,11.55,0.29,2.5108,113608.03,133427.487
002723.SZ,2023/10/18,11.79,11.79,11.51,11.6,11.84,-0.24,-2.027,71533.0,82883.265
002723.SZ,2023/10/19,11.61,11.62,11.43,11.48,11.6,-0.12,-1.0345,78218.65,89993.958
002723.SZ,2023/10/20,11.45,11.45,10.33,10.33,11.48,-1.15,-10.0174,86649.0,92890.388
002723.SZ,2023/10/23,9.3,9.3,9.3,9.3,10.33,-1.03,-9.971,28195.0,26221.35
002723.SZ,2023/10/24,8.83,9.56,8.83,9.35,9.3,0.05,0.5376,242083.46,222455.496
002723.SZ,2023/10/25,9.35,10.04,9.35,9.98,9.35,0.63,6.738,154569.63,151619.012
002723.SZ,2023/10/26,9.98,10.18,9.68,10.11,9.98,0.13,1.3026,88496.65,88606.094
002723.SZ,2023/10/27,10.09,10.5,9.98,10.41,10.11,0.3,2.9674,101112.0,104106.577
002723.SZ,2023/10/30,10.32,10.49,10.3,10.34,10.41,-0.07,-0.6724,59289.0,61496.914
002723.SZ,2023/10/31,10.3,10.3,9.63,9.74,10.34,-0.6,-5.8027,97659.0,96302.773
002723.SZ,2023/11/01,9.75,9.86,9.52,9.77,9.74,0.03,0.308,54330.0,53101.981
002723.SZ,2023/11/02,9.85,10.1,9.62,10.08,9.77,0.31,3.173,91927.0,90657.873
002723.SZ,2023/11/03,9.88,10.32,9.87,10.06,10.08,-0.02,-0.1984,61868.0,62651.302
002723.SZ,2023/11/06,10.08,10.32,10.08,10.22,10.06,0.16,1.5905,57179.6,58413.594
002723.SZ,2023/11/07,10.22,10.42,10.16,10.28,10.22,0.06,0.5871,46383.4,47842.552
002723.SZ,2023/11/08,10.31,10.68,10.21,10.56,10.28,0.28,2.7237,57090.28,59535.727
002723.SZ,2023/11/09,10.48,10.56,10.13,10.2,10.56,-0.36,-3.4091,59134.0,60819.48
002723.SZ,2023/11/10,10.16,10.25,9.99,10.0,10.2,-0.2,-1.9608,40868.0,41243.935
002723.SZ,2023/11/13,10.11,10.22,10.02,10.18,10.0,0.18,1.8,38352.8,38805.476
002723.SZ,2023/11/14,10.23,10.34,10.16,10.26,10.18,0.08,0.7859,27400.4,28107.949
002723.SZ,2023/11/15,10.3,10.47,10.25,10.34,10.26,0.08,0.7797,28264.0,29264.327
002723.SZ,2023/11/16,10.3,10.4,10.18,10.22,10.34,-0.12,-1.1605,29574.0,30342.334
002723.SZ,2023/11/17,10.19,10.38,10.15,10.33,10.22,0.11,1.0763,27693.4,28568.24
002723.SZ,2023/11/20,10.33,10.83,10.28,10.75,10.33,0.42,4.0658,63067.0,66945.626
002723.SZ,2023/11/21,10.74,11.22,10.71,10.88,10.75,0.13,1.2093,74566.4,81733.848
002723.SZ,2023/11/22,10.82,11.0,10.79,10.84,10.88,-0.04,-0.3676,34593.0,37640.356
002723.SZ,2023/11/23,10.85,11.1,10.72,10.99,10.84,0.15,1.3838,50042.0,54655.856
002723.SZ,2023/11/24,10.97,11.41,10.9,11.34,10.99,0.35,3.1847,104922.2,118153.986
002723.SZ,2023/11/27,11.34,11.81,11.25,11.5,11.34,0.16,1.4109,157968.2,182804.856
002723.SZ,2023/11/28,11.53,11.53,11.01,11.33,11.5,-0.17,-1.4783,86200.52,97332.949
002723.SZ,2023/11/29,11.33,11.63,11.32,11.47,11.33,0.14,1.2357,73534.0,84650.633
002723.SZ,2023/11/30,11.47,11.52,11.28,11.41,11.47,-0.06,-0.5231,51905.8,59138.743
002723.SZ,2023/12/01,11.47,11.52,11.32,11.43,11.41,0.02,0.1753,43251.8,49458.485
002723.SZ,2023/12/04,11.48,11.71,11.31,11.43,11.43,0.0,0.0,58662.4,67185.551
002723.SZ,2023/12/05,11.42,11.42,10.93,10.95,11.43,-0.48,-4.1995,66771.0,74342.062
002723.SZ,2023/12/06,10.84,10.86,9.86,10.02,10.95,-0.93,-8.4932,229028.96,230742.614
002723.SZ,2023/12/07,10.1,10.45,9.87,10.37,10.02,0.35,3.493,139846.7,142769.99
002723.SZ,2023/12/08,10.32,10.47,10.16,10.39,10.37,0.02,0.1929,79803.0,82280.26
002723.SZ,2023/12/11,10.3,10.45,9.39,9.76,10.39,-0.63,-6.0635,164913.53,162598.487
002723.SZ,2023/12/12,9.76,10.35,9.76,10.08,9.76,0.32,3.2787,95331.8,95485.049
002723.SZ,2023/12/13,10.08,10.16,9.84,9.84,10.08,-0.24,-2.381,51453.0,51127.587
002723.SZ,2023/12/14,9.87,10.24,9.84,9.93,9.84,0.09,0.9146,44876.0,45086.141
002723.SZ,2023/12/15,9.94,10.13,9.79,9.93,9.93,0.0,0.0,39750.99,39442.998
002723.SZ,2023/12/18,9.87,10.03,9.76,9.89,9.93,-0.04,-0.4028,35997.79,35443.34
002723.SZ,2023/12/19,9.75,9.91,9.74,9.8,9.89,-0.09,-0.91,24495.0,23970.777
002723.SZ,2023/12/20,9.84,9.9,9.74,9.78,9.8,-0.02,-0.2041,29276.8,28721.903
002723.SZ,2023/12/21,9.78,9.84,9.49,9.75,9.78,-0.03,-0.3067,45799.8,44251.761
002723.SZ,2023/12/22,9.78,10.05,9.63,9.67,9.75,-0.08,-0.8205,60492.41,59626.564
002723.SZ,2023/12/25,9.65,9.79,9.54,9.65,9.67,-0.02,-0.2068,38279.0,36869.925
002723.SZ,2023/12/26,9.65,9.69,9.47,9.59,9.65,-0.06,-0.6218,34904.0,33358.595
002723.SZ,2023/12/27,9.59,9.71,9.53,9.63,9.59,0.04,0.4171,24322.0,23405.965
002723.SZ,2023/12/28,9.63,10.04,9.63,9.97,9.63,0.34,3.5306,47739.0,47336.71
002723.SZ,2023/12/29,9.99,10.27,9.88,10.23,9.97,0.26,2.6078,32374.0,32889.458
002723.SZ,2024/01/02,10.26,10.58,10.2,10.47,10.23,0.24,2.346,48690.5,50811.423
002723.SZ,2024/01/03,10.47,10.58,10.23,10.27,10.47,-0.2,-1.9102,31739.0,32806.146
002723.SZ,2024/01/04,10.33,10.38,10.13,10.32,10.27,0.05,0.4869,33147.0,33993.289
002723.SZ,2024/01/05,10.34,10.5,10.26,10.43,10.32,0.11,1.0659,43680.22,45259.486
002723.SZ,2024/01/08,10.44,10.45,10.07,10.23,10.43,-0.2,-1.9175,58867.0,60018.199
002723.SZ,2024/01/09,10.1,10.33,9.87,10.01,10.23,-0.22,-2.1505,39561.0,39900.173
002723.SZ,2024/01/10,9.94,10.12,9.73,10.01,10.01,0.0,0.0,42634.03,42691.74
002723.SZ,2024/01/11,10.01,10.44,9.95,10.39,10.01,0.38,3.7962,49869.4,51174.791
002723.SZ,2024/01/12,10.45,11.23,10.26,11.12,10.39,0.73,7.026,135432.4,149101.159
002723.SZ,2024/01/15,11.1,11.18,10.83,11.04,11.12,-0.08,-0.7194,92175.0,101422.299
002723.SZ,2024/01/16,11.03,11.13,10.61,10.86,11.04,-0.18,-1.6304,63992.0,69172.301
002723.SZ,2024/01/17,10.84,10.95,10.61,10.65,10.86,-0.21,-1.9337,34260.0,36932.206
002723.SZ,2024/01/18,10.62,10.77,10.39,10.67,10.65,0.02,0.1878,58621.0,62060.585
002723.SZ,2024/01/19,10.67,10.81,10.45,10.6,10.67,-0.07,-0.656,42902.5,45757.04
002723.SZ,2024/01/22,10.5,10.52,9.54,9.54,10.6,-1.06,-10.0,95527.0,94043.911
002723.SZ,2024/01/23,9.03,9.25,8.59,8.59,9.54,-0.95,-9.9581,143965.3,124748.733
002723.SZ,2024/01/24,8.44,9.38,8.42,9.29,8.59,0.7,8.149,150730.0,134709.75
002723.SZ,2024/01/25,9.44,9.7,9.11,9.29,9.29,0.0,0.0,98351.0,91981.987
002723.SZ,2024/01/26,9.55,9.59,9.15,9.33,9.29,0.04,0.4306,66303.0,62082.914
002723.SZ,2024/01/29,9.33,9.38,8.98,9.1,9.33,-0.23,-2.4652,55604.25,50636.706
002723.SZ,2024/01/30,9.02,9.23,8.3,8.6,9.1,-0.5,-5.4945,100628.0,88118.644
002723.SZ,2024/01/31,8.67,8.77,7.9,7.94,8.6,-0.66,-7.6744,126137.59,104153.967
002723.SZ,2024/02/01,7.8,8.15,7.3,7.46,7.94,-0.48,-6.0453,121749.96,91306.007
002723.SZ,2024/02/02,7.26,7.84,6.71,6.89,7.46,-0.57,-7.6408,152579.2,110039.934
002723.SZ,2024/02/05,6.76,6.88,6.2,6.2,6.89,-0.69,-10.0145,62256.4,39236.503
002723.SZ,2024/02/06,5.83,5.91,5.58,5.58,6.2,-0.62,-10.0,209128.6,118035.425
002723.SZ,2024/02/07,5.68,5.68,5.02,5.08,5.58,-0.5,-8.9606,216266.2,112688.935
002723.SZ,2024/02/08,5.02,5.59,4.72,5.59,5.08,0.51,10.0394,162630.93,85116.642
002723.SZ,2024/02/19,5.61,6.15,5.61,6.04,5.59,0.45,8.0501,145379.65,86243.061
002723.SZ,2024/02/20,6.08,6.26,5.88,6.19,6.04,0.15,2.4834,89788.96,54970.583
002723.SZ,2024/02/21,6.16,6.74,6.08,6.51,6.19,0.32,5.1696,109599.4,71338.61
002723.SZ,2024/02/22,6.52,7.08,6.52,7.06,6.51,0.55,8.4485,106215.2,73338.462
002723.SZ,2024/02/23,7.07,7.51,7.07,7.46,7.06,0.4,5.6657,119422.0,87044.694
002723.SZ,2024/02/26,7.44,8.19,7.38,7.8,7.46,0.34,4.5576,131564.8,102691.962
002723.SZ,2024/02/27,7.8,8.0,7.61,7.98,7.8,0.18,2.3077,108667.0,85131.748
002723.SZ,2024/02/28,8.15,8.78,7.35,7.43,7.98,-0.55,-6.8922,322179.08,267464.607
002723.SZ,2024/02/29,7.33,7.61,7.05,7.57,7.43,0.14,1.8843,216883.4,161511.114
002723.SZ,2024/03/01,7.56,7.65,7.43,7.59,7.57,0.02,0.2642,112535.8,84793.974
002723.SZ,2024/03/04,7.66,7.71,7.31,7.53,7.59,-0.06,-0.7905,85197.2,63742.842
002723.SZ,2024/03/05,7.52,7.53,7.13,7.16,7.53,-0.37,-4.9137,106408.6,77285.99
002723.SZ,2024/03/06,7.15,7.36,7.15,7.3,7.16,0.14,1.9553,78084.0,56698.484
002723.SZ,2024/03/07,7.37,7.93,7.34,7.72,7.3,0.42,5.7534,153907.4,117766.48
002723.SZ,2024/03/08,7.73,8.19,7.65,8.16,7.72,0.44,5.6995,122269.0,97788.122
002723.SZ,2024/03/11,8.15,8.78,8.04,8.75,8.16,0.59,7.2304,149039.89,125559.32
002723.SZ,2024/03/12,8.76,8.79,8.45,8.5,8.75,-0.25,-2.8571,99097.48,85085.763
002723.SZ,2024/03/13,8.5,9.0,8.5,8.81,8.5,0.31,3.6471,113203.4,98981.728
002723.SZ,2024/03/14,8.81,8.91,8.61,8.71,8.81,-0.1,-1.1351,85424.0,74729.444
002723.SZ,2024/03/15,8.72,9.05,8.62,9.0,8.71,0.29,3.3295,87452.8,77837.499
002723.SZ,2024/03/18,8.93,9.08,8.83,8.91,9.0,-0.09,-1.0,79750.0,71025.811
002723.SZ,2024/03/19,8.87,9.13,8.87,9.0,8.91,0.09,1.0101,53948.16,48714.526
002723.SZ,2024/03/20,8.97,9.15,8.91,9.13,9.0,0.13,1.4444,63777.16,57694.872
002723.SZ,2024/03/21,9.1,9.15,8.75,8.83,9.13,-0.3,-3.2859,89368.0,79566.664
002723.SZ,2024/03/22,8.81,8.89,8.44,8.7,8.83,-0.13,-1.4723,95625.76,82990.17
002723.SZ,2024/03/25,8.73,8.97,8.46,8.46,8.7,-0.24,-2.7586,111990.0,97763.901
002723.SZ,2024/03/26,8.41,8.73,8.41,8.64,8.46,0.18,2.1277,78745.0,67638.39
002723.SZ,2024/03/27,8.6,8.61,8.17,8.17,8.64,-0.47,-5.4398,53125.43,44546.182
002723.SZ,2024/03/28,8.14,8.55,8.1,8.46,8.17,0.29,3.5496,53464.0,45041.542
002723.SZ,2024/03/29,8.48,8.68,8.48,8.65,8.46,0.19,2.2459,53810.0,46298.781
002723.SZ,2024/04/01,8.66,8.9,8.66,8.89,8.65,0.24,2.7746,51304.0,45286.463
002723.SZ,2024/04/02,8.99,9.05,8.73,8.78,8.89,-0.11,-1.2373,54426.73,48415.418
002723.SZ,2024/04/03,8.78,8.82,8.45,8.55,8.78,-0.23,-2.6196,46172.0,39490.44
002723.SZ,2024/04/08,8.56,8.6,8.33,8.35,8.55,-0.2,-2.3392,45471.2,38438.666
002723.SZ,2024/04/09,8.31,9.08,8.31,9.05,8.35,0.7,8.3832,114608.5,101018.351
002723.SZ,2024/04/10,9.05,9.1,8.53,8.59,9.05,-0.46,-5.0829,99761.8,87717.228
002723.SZ,2024/04/11,8.55,8.96,8.42,8.88,8.59,0.29,3.376,92229.8,81484.426
002723.SZ,2024/04/12,8.98,9.23,8.78,8.88,8.88,0.0,0.0,88465.0,79604.127
002723.SZ,2024/04/15,8.67,8.82,7.99,7.99,8.88,-0.89,-10.0225,139138.8,114200.566
002723.SZ,2024/04/16,7.78,7.78,7.19,7.19,7.99,-0.8,-10.0125,53017.0,38893.737
002723.SZ,2024/04/17,6.95,7.85,6.95,7.83,7.19,0.64,8.9013,85193.6,65026.713
002723.SZ,2024/04/18,7.8,7.9,7.42,7.58,7.83,-0.25,-3.1928,73124.12,56194.572
002723.SZ,2024/04/19,7.64,7.65,7.3,7.43,7.58,-0.15,-1.9789,59889.0,44566.346
002723.SZ,2024/04/22,7.43,7.53,7.13,7.22,7.43,-0.21,-2.8264,43097.0,31345.999
002723.SZ,2024/04/23,7.23,7.54,7.23,7.5,7.22,0.28,3.8781,44315.0,33055.732
002723.SZ,2024/04/24,7.45,7.6,7.45,7.53,7.5,0.03,0.4,37717.12,28374.445
002723.SZ,2024/04/25,7.49,7.98,7.46,7.77,7.53,0.24,3.1873,73095.0,57117.2
002723.SZ,2024/04/26,7.92,8.09,7.73,7.98,7.77,0.21,2.7027,52956.0,42137.734
002723.SZ,2024/04/29,7.93,8.28,7.93,8.15,7.98,0.17,2.1303,60276.81,49031.197
002723.SZ,2024/04/30,8.09,8.38,7.81,8.3,8.15,0.15,1.8405,101288.29,82879.675
002723.SZ,2024/05/06,8.32,8.63,8.31,8.4,8.3,0.1,1.2048,88731.2,75061.807
002723.SZ,2024/05/07,8.46,8.55,8.26,8.41,8.4,0.01,0.119,81269.57,68267.238
002723.SZ,2024/05/08,8.38,8.54,8.1,8.23,8.41,-0.18,-2.1403,105292.8,87779.147
002723.SZ,2024/05/09,8.22,8.84,8.1,8.81,8.23,0.58,7.0474,123636.0,106574.226
002723.SZ,2024/05/10,8.85,9.18,8.79,8.97,8.81,0.16,1.8161,112604.37,101002.909
002723.SZ,2024/05/13,8.95,8.96,8.07,8.07,8.97,-0.9,-10.0334,146021.81,124399.918
002723.SZ,2024/05/14,8.22,8.58,8.07,8.25,8.07,0.18,2.2305,129706.8,107564.633
002723.SZ,2024/05/15,8.19,8.37,8.13,8.2,8.25,-0.05,-0.6061,64451.0,53228.234
002723.SZ,2024/05/16,8.21,8.36,7.99,8.24,8.2,0.04,0.4878,78887.91,64420.101
002723.SZ,2024/05/17,8.22,8.55,8.13,8.53,8.24,0.29,3.5194,70415.43,58710.758
002723.SZ,2024/05/20,8.59,8.76,8.38,8.6,8.53,0.07,0.8206,93843.09,80507.806
002723.SZ,2024/05/21,8.71,8.86,8.04,8.25,8.6,-0.35,-4.0698,186285.69,155793.836
002723.SZ,2024/05/22,8.25,8.35,8.09,8.25,8.25,0.0,0.0,63438.77,52181.57
002723.SZ,2024/05/23,8.24,8.27,7.8,7.9,8.25,-0.35,-4.2424,81086.0,64855.09
002723.SZ,2024/05/24,8.03,8.08,7.69,7.94,7.9,0.04,0.5063,88641.89,70389.063
002723.SZ,2024/05/27,7.98,7.98,7.7,7.82,7.94,-0.12,-1.5113,53337.43,41549.073
002723.SZ,2024/05/28,7.86,7.98,7.69,7.73,7.82,-0.09,-1.1509,71420.4,55611.187
002723.SZ,2024/05/29,7.74,7.95,7.56,7.76,7.73,0.03,0.3881,51111.8,39737.455
002723.SZ,2024/05/30,7.8,7.8,7.6,7.65,7.76,-0.11,-1.4175,36045.97,27714.728
002723.SZ,2024/05/31,7.66,8.42,7.62,8.32,7.65,0.67,8.7582,229595.0,188974.17
002723.SZ,2024/06/03,8.15,8.68,8.15,8.32,8.32,0.0,0.0,238834.0,200620.269
002723.SZ,2024/06/04,8.3,8.38,7.74,7.98,8.32,-0.34,-4.0865,135858.84,108388.781
002723.SZ,2024/06/05,8.05,8.08,7.4,7.46,7.98,-0.52,-6.5163,112907.6,86348.082
002723.SZ,2024/06/06,7.65,7.66,7.08,7.23,7.46,-0.23,-3.0831,87906.0,64570.484
002723.SZ,2024/06/07,7.33,7.76,7.26,7.67,7.23,0.44,6.0858,103117.6,77668.654
002723.SZ,2024/06/11,7.56,7.62,7.3,7.46,7.67,-0.21,-2.7379,64576.0,47972.97
002723.SZ,2024/06/12,7.42,7.92,7.38,7.82,7.46,0.36,4.8257,97653.2,75542.197
002723.SZ,2024/06/13,7.86,8.13,7.52,7.65,7.82,-0.17,-2.1739,125716.27,98466.852
002723.SZ,2024/06/14,7.61,7.78,7.48,7.76,7.65,0.11,1.4379,45692.0,34951.773
002723.SZ,2024/06/17,7.81,7.81,7.36,7.44,7.76,-0.32,-4.1237,64798.8,48543.686
002723.SZ,2024/06/18,7.44,7.51,7.25,7.5,7.44,0.06,0.8065,36806.6,27349.934
002723.SZ,2024/06/19,7.53,7.61,7.42,7.52,7.5,0.02,0.2667,28220.0,21200.515
002723.SZ,2024/06/20,7.5,7.54,7.26,7.32,7.52,-0.2,-2.6596,38406.4,28251.07
002723.SZ,2024/06/21,7.27,7.34,7.11,7.12,7.32,-0.2,-2.7322,46068.6,33138.151
002723.SZ,2024/06/24,7.24,7.24,6.42,6.57,7.12,-0.55,-7.7247,131932.51,87784.32
002723.SZ,2024/06/25,6.47,6.57,6.08,6.18,6.57,-0.39,-5.9361,124558.11,77978.745
002723.SZ,2024/06/26,6.18,6.31,5.9,6.21,6.18,0.03,0.4854,123348.0,75191.697
002723.SZ,2024/06/27,6.27,6.58,6.21,6.22,6.21,0.01,0.161,99441.6,63528.037
002723.SZ,2024/06/28,5.86,6.4,5.86,6.27,6.22,0.05,0.8039,83306.0,51891.546
002723.SZ,2024/07/01,6.29,6.42,6.17,6.33,6.27,0.06,0.9569,59883.0,37583.507
002723.SZ,2024/07/02,6.35,6.42,6.22,6.28,6.33,-0.05,-0.7899,60201.0,38024.392
002723.SZ,2024/07/03,6.32,6.32,6.15,6.18,6.28,-0.1,-1.5924,33754.99,20931.977
002723.SZ,2024/07/04,6.18,6.23,5.93,5.96,6.18,-0.22,-3.5599,41024.0,24712.794
002723.SZ,2024/07/05,5.97,6.01,5.5,5.96,5.96,0.0,0.0,69065.59,40359.319
002723.SZ,2024/07/08,5.97,6.02,5.74,5.75,5.96,-0.21,-3.5235,47764.0,27807.36
002723.SZ,2024/07/09,5.7,5.8,5.47,5.64,5.75,-0.11,-1.913,82788.8,46587.557
002723.SZ,2024/07/10,5.58,5.65,5.38,5.4,5.64,-0.24,-4.2553,83707.0,45927.158
002723.SZ,2024/07/11,5.45,5.89,5.45,5.78,5.4,0.38,7.037,106777.0,61098.135
002723.SZ,2024/07/12,5.8,5.95,5.73,5.78,5.76,0.02,0.3472,56622.03,33093.313
002723.SZ,2024/07/15,5.78,5.79,5.57,5.62,5.78,-0.16,-2.7682,40502.2,22814.059
002723.SZ,2024/07/16,5.62,5.76,5.48,5.53,5.62,-0.09,-1.6014,80257.0,44602.211
002723.SZ,2024/07/17,5.55,5.56,5.39,5.44,5.53,-0.09,-1.6275,44001.2,23963.857
002723.SZ,2024/07/18,5.4,5.41,5.2,5.39,5.44,-0.05,-0.9191,42851.4,22704.652
002723.SZ,2024/07/19,5.39,5.49,5.31,5.44,5.39,0.05,0.9276,36218.4,19612.616
002723.SZ,2024/07/22,5.48,5.52,5.39,5.43,5.44,-0.01,-0.1838,42510.0,23186.756
002723.SZ,2024/07/23,5.4,5.52,5.27,5.28,5.43,-0.15,-2.7624,38147.0,20595.19
002723.SZ,2024/07/24,5.28,5.3,5.12,5.13,5.28,-0.15,-2.8409,53221.0,27635.358
002723.SZ,2024/07/25,5.12,5.23,5.0,5.15,5.13,0.02,0.3899,49967.0,25569.002
002723.SZ,2024/07/26,5.2,5.37,5.17,5.37,5.15,0.22,4.2718,55813.4,29624.171
002723.SZ,2024/07/29,5.38,5.43,5.21,5.26,5.37,-0.11,-2.0484,78940.0,41721.133
002723.SZ,2024/07/30,5.24,5.36,5.2,5.33,5.26,0.07,1.3308,46800.0,24802.669
002723.SZ,2024/07/31,5.29,5.62,5.29,5.61,5.33,0.28,5.2533,54363.0,29874.105
002723.SZ,2024/08/01,5.67,5.69,5.54,5.59,5.61,-0.02,-0.3565,47408.0,26499.182
002723.SZ,2024/08/02,5.56,5.6,5.45,5.48,5.59,-0.11,-1.9678,37503.0,20773.849
002723.SZ,2024/08/05,5.48,5.52,5.24,5.24,5.48,-0.24,-4.3796,49629.0,26739.843
002723.SZ,2024/08/06,5.41,5.45,5.29,5.38,5.24,0.14,2.6718,45342.0,24235.752
002723.SZ,2024/08/07,5.4,5.44,5.32,5.34,5.38,-0.04,-0.7435,36079.0,19360.153
002723.SZ,2024/08/08,5.3,5.38,5.17,5.31,5.34,-0.03,-0.5618,43396.0,22904.435
002723.SZ,2024/08/09,5.36,5.39,5.22,5.22,5.31,-0.09,-1.6949,32415.0,17181.862
002723.SZ,2024/08/12,5.2,5.24,5.1,5.12,5.22,-0.1,-1.9157,45314.0,23348.085
002723.SZ,2024/08/13,5.11,5.14,4.89,5.07,5.12,-0.05,-0.9766,67311.4,33672.216
002723.SZ,2024/08/14,5.05,5.17,5.02,5.07,5.07,0.0,0.0,40568.0,20622.617
002723.SZ,2024/08/15,5.18,5.18,4.97,5.11,5.07,0.04,0.789,52551.0,26721.518
002723.SZ,2024/08/16,5.11,5.19,5.05,5.06,5.11,-0.05,-0.9785,41429.41,21135.718
002723.SZ,2024/08/19,5.06,5.09,4.97,5.03,5.06,-0.03,-0.5929,34361.0,17305.91
002723.SZ,2024/08/20,5.0,5.19,4.89,4.91,5.03,-0.12,-2.3857,81767.0,40917.387
002723.SZ,2024/08/21,4.9,4.94,4.83,4.89,4.91,-0.02,-0.4073,44626.0,21849.1
002723.SZ,2024/08/22,4.86,4.91,4.74,4.74,4.89,-0.15,-3.0675,48586.0,23332.804
002723.SZ,2024/08/23,4.76,4.87,4.65,4.86,4.74,0.12,2.5316,52357.0,24941.005
002723.SZ,2024/08/26,4.86,4.99,4.82,4.87,4.86,0.01,0.2058,50574.0,24810.782
002723.SZ,2024/08/27,4.89,4.9,4.71,4.74,4.87,-0.13,-2.6694,42248.0,20195.556
002723.SZ,2024/08/28,4.74,4.87,4.69,4.77,4.74,0.03,0.6329,39036.62,18661.418
002723.SZ,2024/08/29,4.77,4.86,4.7,4.83,4.77,0.06,1.2579,40429.0,19400.264
002723.SZ,2024/08/30,4.85,5.14,4.85,5.01,4.83,0.18,3.7267,80378.0,40266.545
002723.SZ,2024/09/02,5.01,5.1,4.93,4.95,5.01,-0.06,-1.1976,68346.2,34269.363
002723.SZ,2024/09/03,5.09,5.45,5.04,5.45,4.95,0.5,10.101,122180.63,65271.98
002723.SZ,2024/09/04,5.25,5.79,5.2,5.57,5.45,0.12,2.2018,393050.02,213440.128
002723.SZ,2024/09/05,5.36,5.41,5.22,5.29,5.57,-0.28,-5.0269,263236.2,139382.503
002723.SZ,2024/09/06,5.25,5.26,4.92,4.92,5.29,-0.37,-6.9943,209301.39,105927.497
002723.SZ,2024/09/09,4.83,5.02,4.79,4.94,4.92,0.02,0.4065,135522.4,66981.417
002723.SZ,2024/09/10,4.99,5.28,4.96,5.06,4.94,0.12,2.4291,127133.2,64168.186
002723.SZ,2024/09/11,5.04,5.1,4.97,4.98,5.06,-0.08,-1.581,85890.0,43199.595
002723.SZ,2024/09/12,5.02,5.03,4.91,4.91,4.98,-0.07,-1.4056,76692.03,38079.193
002723.SZ,2024/09/13,4.95,4.95,4.81,4.82,4.91,-0.09,-1.833,63630.0,30971.514
002723.SZ,2024/09/18,4.81,4.86,4.64,4.72,4.82,-0.1,-2.0747,70086.0,33077.591
002723.SZ,2024/09/19,4.8,5.0,4.74,4.96,4.72,0.24,5.0847,103436.61,50797.452
002723.SZ,2024/09/20,4.97,4.99,4.89,4.94,4.96,-0.02,-0.4032,61138.59,30192.612
002723.SZ,2024/09/23,4.96,5.0,4.87,4.95,4.94,0.01,0.2024,54263.0,26855.082
002723.SZ,2024/09/24,4.93,5.09,4.93,5.07,4.95,0.12,2.4242,99093.4,49739.574
002723.SZ,2024/09/25,5.09,5.49,5.09,5.21,5.07,0.14,2.7613,152112.03,79916.028
002723.SZ,2024/09/26,5.14,5.36,5.14,5.34,5.21,0.13,2.4952,122562.03,64521.041
002723.SZ,2024/09/27,5.44,5.68,5.38,5.56,5.34,0.22,4.1199,148887.81,82045.308
