ts_code,trade_date,open,high,low,close,pre_close,change,pct_chg,vol,amount
002789.SZ,2021/09/01,12.75,12.93,12.52,12.56,12.76,-0.2,-1.5674,21465.6,27189.082
002789.SZ,2021/09/02,12.56,12.88,12.41,12.66,12.56,0.1,0.7962,31242.1,39601.91
002789.SZ,2021/09/03,12.58,13.38,12.55,12.99,12.66,0.33,2.6066,39225.5,51215.88
002789.SZ,2021/09/06,13.23,13.28,12.55,12.67,12.99,-0.32,-2.4634,28847.16,36827.428
002789.SZ,2021/09/07,12.67,12.99,12.66,12.8,12.67,0.13,1.026,19732.16,25242.7
002789.SZ,2021/09/08,12.72,13.19,12.72,13.18,12.8,0.38,2.9688,23658.71,30663.3
002789.SZ,2021/09/09,13.01,13.18,12.9,12.93,13.18,-0.25,-1.8968,16964.92,22088.85
002789.SZ,2021/09/10,12.88,13.44,12.71,12.82,12.93,-0.11,-0.8507,32236.1,42076.942
002789.SZ,2021/09/13,13.47,13.47,12.71,13.32,12.82,0.5,3.9002,53675.4,70186.145
002789.SZ,2021/09/14,13.09,13.2,12.07,12.09,13.32,-1.23,-9.2342,60882.6,76622.078
002789.SZ,2021/09/15,11.81,12.5,11.81,12.29,12.09,0.2,1.6543,24701.73,30260.604
002789.SZ,2021/09/16,12.25,12.32,11.67,11.75,12.29,-0.54,-4.3938,30553.4,36419.998
002789.SZ,2021/09/17,11.84,11.92,11.55,11.82,11.75,0.07,0.5957,18232.7,21406.809
002789.SZ,2021/09/22,11.71,11.92,11.0,11.83,11.82,0.01,0.0846,16522.6,19440.285
002789.SZ,2021/09/23,11.87,12.13,11.87,11.9,11.83,0.07,0.5917,16004.2,19161.415
002789.SZ,2021/09/24,11.86,11.91,11.57,11.71,11.9,-0.19,-1.5966,18711.5,21837.506
002789.SZ,2021/09/27,11.89,12.24,11.01,11.98,11.71,0.27,2.3057,52594.45,60571.56
002789.SZ,2021/09/28,11.9,12.09,11.55,11.91,11.98,-0.07,-0.5843,29898.1,35046.063
002789.SZ,2021/09/29,11.7,12.07,11.55,11.8,11.91,-0.11,-0.9236,21574.85,25259.101
002789.SZ,2021/09/30,11.79,11.9,11.49,11.72,11.8,-0.08,-0.678,16280.71,18985.645
002789.SZ,2021/10/08,11.72,11.83,11.58,11.66,11.72,-0.06,-0.5119,18745.9,21905.883
002789.SZ,2021/10/11,11.6,11.77,11.49,11.63,11.66,-0.03,-0.2573,12625.2,14670.242
002789.SZ,2021/10/12,11.58,11.61,11.11,11.49,11.63,-0.14,-1.2038,29233.2,33055.621
002789.SZ,2021/10/13,11.33,11.33,11.09,11.21,11.49,-0.28,-2.4369,17230.14,19269.596
002789.SZ,2021/10/14,11.21,11.34,11.11,11.29,11.21,0.08,0.7136,10477.32,11773.584
002789.SZ,2021/10/15,11.25,11.34,11.1,11.11,11.29,-0.18,-1.5943,7786.97,8697.361
002789.SZ,2021/10/18,11.11,11.13,11.0,11.06,11.11,-0.05,-0.45,7418.7,8193.471
002789.SZ,2021/10/19,11.05,11.13,10.9,11.13,11.06,0.07,0.6329,14891.0,16408.584
002789.SZ,2021/10/20,11.07,11.35,10.94,10.96,11.13,-0.17,-1.5274,16384.62,18144.609
002789.SZ,2021/10/21,11.0,11.03,10.7,10.73,10.96,-0.23,-2.0985,16234.0,17632.625
002789.SZ,2021/10/22,10.78,10.82,10.54,10.62,10.73,-0.11,-1.0252,14619.91,15547.739
002789.SZ,2021/10/25,10.6,10.9,10.52,10.62,10.62,0.0,0.0,10708.67,11407.302
002789.SZ,2021/10/26,10.63,10.67,10.38,10.44,10.62,-0.18,-1.6949,11646.9,12206.186
002789.SZ,2021/10/27,10.46,10.48,10.01,10.08,10.44,-0.36,-3.4483,14092.0,14371.486
002789.SZ,2021/10/28,10.28,10.28,9.92,10.17,10.08,0.09,0.8929,9895.7,9985.207
002789.SZ,2021/10/29,10.11,10.29,10.04,10.29,10.17,0.12,1.1799,13831.13,14098.461
002789.SZ,2021/11/01,10.25,10.35,10.1,10.28,10.29,-0.01,-0.0972,9458.8,9688.067
002789.SZ,2021/11/02,10.31,10.31,9.91,10.2,10.28,-0.08,-0.7782,23546.3,23751.189
002789.SZ,2021/11/03,10.1,10.44,10.02,10.44,10.2,0.24,2.3529,24457.61,24961.044
002789.SZ,2021/11/04,10.34,11.03,10.34,10.83,10.44,0.39,3.7356,43077.31,46084.109
002789.SZ,2021/11/05,10.76,10.86,10.62,10.7,10.83,-0.13,-1.2004,13324.0,14277.025
002789.SZ,2021/11/08,10.69,10.78,10.35,10.46,10.7,-0.24,-2.243,29747.7,31093.079
002789.SZ,2021/11/09,10.46,10.57,10.23,10.43,10.46,-0.03,-0.2868,20236.9,21062.274
002789.SZ,2021/11/10,10.4,10.55,10.36,10.53,10.43,0.1,0.9588,13555.8,14191.817
002789.SZ,2021/11/11,10.52,10.77,10.52,10.7,10.53,0.17,1.6144,14513.88,15527.508
002789.SZ,2021/11/12,10.7,10.75,10.53,10.55,10.7,-0.15,-1.4019,11506.0,12189.462
002789.SZ,2021/11/15,10.55,10.75,10.49,10.72,10.55,0.17,1.6114,20803.31,22074.104
002789.SZ,2021/11/16,10.75,11.03,10.64,10.82,10.72,0.1,0.9328,24064.8,26087.715
002789.SZ,2021/11/17,10.82,11.05,10.75,10.98,10.82,0.16,1.4787,19480.9,21306.968
002789.SZ,2021/11/18,11.04,11.15,10.55,10.72,10.98,-0.26,-2.3679,21842.4,23774.51
002789.SZ,2021/11/19,10.72,11.05,10.68,10.83,10.72,0.11,1.0261,21387.0,23220.665
002789.SZ,2021/11/22,10.83,11.14,10.62,11.08,10.83,0.25,2.3084,35020.1,38378.48
002789.SZ,2021/11/23,11.17,11.34,11.02,11.25,11.08,0.17,1.5343,23325.81,26140.035
002789.SZ,2021/11/24,11.3,11.35,11.16,11.29,11.25,0.04,0.3556,12798.84,14428.167
002789.SZ,2021/11/25,11.22,11.48,11.18,11.46,11.29,0.17,1.5058,16915.2,19240.683
002789.SZ,2021/11/26,11.45,11.57,11.29,11.48,11.46,0.02,0.1745,15509.89,17737.3
002789.SZ,2021/11/29,11.25,11.7,11.15,11.31,11.48,-0.17,-1.4808,23558.05,26643.901
002789.SZ,2021/11/30,11.31,11.57,11.26,11.48,11.31,0.17,1.5031,16450.35,18819.739
002789.SZ,2021/12/01,11.48,11.71,11.41,11.68,11.48,0.2,1.7422,14682.0,17078.083
002789.SZ,2021/12/02,11.67,11.88,11.54,11.68,11.68,0.0,0.0,13357.1,15588.401
002789.SZ,2021/12/03,11.73,12.67,11.62,12.51,11.68,0.83,7.1062,46512.26,57256.184
002789.SZ,2021/12/06,12.52,12.9,11.85,12.02,12.51,-0.49,-3.9169,59516.49,72434.114
002789.SZ,2021/12/07,11.99,11.99,11.17,11.37,12.02,-0.65,-5.4077,39264.73,44875.844
002789.SZ,2021/12/08,11.38,11.51,11.21,11.41,11.37,0.04,0.3518,13703.09,15575.032
002789.SZ,2021/12/09,11.4,11.69,11.28,11.39,11.41,-0.02,-0.1753,22396.75,25537.023
002789.SZ,2021/12/10,11.36,11.66,11.25,11.3,11.39,-0.09,-0.7902,26128.94,29898.425
002789.SZ,2021/12/13,11.35,11.47,11.24,11.39,11.3,0.09,0.7965,17215.7,19512.337
002789.SZ,2021/12/14,11.35,11.78,11.23,11.57,11.39,0.18,1.5803,19217.49,22223.712
002789.SZ,2021/12/15,11.54,11.81,11.54,11.65,11.57,0.08,0.6914,14139.1,16509.86
002789.SZ,2021/12/16,11.73,11.77,11.61,11.67,11.65,0.02,0.1717,7605.1,8893.677
002789.SZ,2021/12/17,11.68,12.13,11.54,12.11,11.67,0.44,3.7704,29225.15,34600.234
002789.SZ,2021/12/20,12.06,12.06,11.73,11.82,12.11,-0.29,-2.3947,18115.4,21477.083
002789.SZ,2021/12/21,12.65,12.65,11.83,11.92,11.82,0.1,0.846,33183.2,39891.599
002789.SZ,2021/12/22,11.97,12.43,11.89,11.89,11.92,-0.03,-0.2517,33108.5,40108.571
002789.SZ,2021/12/23,11.89,12.1,11.72,12.1,11.89,0.21,1.7662,28230.6,33638.006
002789.SZ,2021/12/24,11.99,11.99,11.45,11.45,12.1,-0.65,-5.3719,27132.4,31487.787
002789.SZ,2021/12/27,11.45,11.54,11.34,11.37,11.45,-0.08,-0.6987,10692.7,12224.864
002789.SZ,2021/12/28,11.37,11.53,11.35,11.53,11.37,0.16,1.4072,10069.2,11538.498
002789.SZ,2021/12/29,11.52,11.64,11.38,11.54,11.53,0.01,0.0867,7208.01,8325.501
002789.SZ,2021/12/30,11.59,11.73,11.5,11.65,11.54,0.11,0.9532,11710.9,13647.283
002789.SZ,2021/12/31,11.72,12.12,11.63,12.0,11.65,0.35,3.0043,29638.4,35325.763
002789.SZ,2022/01/04,12.0,12.45,11.83,12.3,12.0,0.3,2.5,27146.4,33080.947
002789.SZ,2022/01/05,12.41,12.41,12.12,12.28,12.3,-0.02,-0.1626,19183.5,23508.773
002789.SZ,2022/01/06,13.5,13.51,12.68,12.9,12.28,0.62,5.0489,109689.5,142701.441
002789.SZ,2022/01/07,12.84,12.84,12.4,12.51,12.9,-0.39,-3.0233,56359.5,70713.852
002789.SZ,2022/01/10,12.41,12.78,12.16,12.57,12.51,0.06,0.4796,35171.3,43775.939
002789.SZ,2022/01/11,12.5,12.71,12.45,12.62,12.57,0.05,0.3978,20708.2,26077.027
002789.SZ,2022/01/12,12.56,13.14,12.5,12.93,12.62,0.31,2.4564,43074.25,55639.518
002789.SZ,2022/01/13,13.01,13.36,12.68,13.15,12.93,0.22,1.7015,36705.8,48153.812
002789.SZ,2022/01/14,13.22,13.26,12.97,13.18,13.15,0.03,0.2281,28276.37,37173.004
002789.SZ,2022/01/17,13.2,13.2,12.72,12.91,13.18,-0.27,-2.0486,21999.51,28264.816
002789.SZ,2022/01/18,12.91,13.07,12.68,12.99,12.91,0.08,0.6197,32423.45,41997.715
002789.SZ,2022/01/19,12.96,13.19,12.86,13.19,12.99,0.2,1.5396,21374.01,27946.443
002789.SZ,2022/01/20,13.1,13.3,12.93,12.94,13.19,-0.25,-1.8954,22643.1,29564.511
002789.SZ,2022/01/21,12.9,13.2,12.7,13.06,12.94,0.12,0.9274,21510.46,27983.602
002789.SZ,2022/01/24,13.19,13.19,12.86,13.05,13.06,-0.01,-0.0766,14432.1,18827.603
002789.SZ,2022/01/25,13.01,13.03,12.82,12.85,13.05,-0.2,-1.5326,13826.7,17824.45
002789.SZ,2022/01/26,12.74,13.0,12.74,12.98,12.85,0.13,1.0117,14630.0,18857.598
002789.SZ,2022/01/27,12.95,13.28,11.68,11.68,12.98,-1.3,-10.0154,38380.0,46721.029
002789.SZ,2022/01/28,10.51,11.05,10.51,10.7,11.68,-0.98,-8.3904,98072.2,103728.782
002789.SZ,2022/02/07,10.05,10.55,9.63,10.21,10.7,-0.49,-4.5794,50034.2,50215.943
002789.SZ,2022/02/08,10.18,11.23,10.05,10.76,10.21,0.55,5.3869,91229.0,99343.906
002789.SZ,2022/02/09,10.66,11.28,10.54,10.91,10.76,0.15,1.3941,63732.8,69208.463
002789.SZ,2022/02/10,11.0,11.43,10.84,11.23,10.91,0.32,2.9331,44647.4,50190.42
002789.SZ,2022/02/11,11.27,11.37,10.72,10.73,11.23,-0.5,-4.4524,29184.5,31913.266
002789.SZ,2022/02/14,10.73,11.07,10.65,10.74,10.73,0.01,0.0932,23421.0,25402.411
002789.SZ,2022/02/15,10.8,10.95,10.5,10.71,10.74,-0.03,-0.2793,23688.6,25416.709
002789.SZ,2022/02/16,10.78,11.33,10.77,11.26,10.71,0.55,5.1354,35344.0,39322.673
002789.SZ,2022/02/17,11.28,11.37,10.97,10.99,11.26,-0.27,-2.3979,28581.9,31777.738
002789.SZ,2022/02/18,11.0,11.32,10.87,11.19,10.99,0.2,1.8198,30396.4,33894.351
002789.SZ,2022/02/21,11.22,11.42,11.0,11.4,11.19,0.21,1.8767,26901.7,30314.97
002789.SZ,2022/02/22,11.43,11.43,11.08,11.13,11.4,-0.27,-2.3684,17511.6,19592.908
002789.SZ,2022/02/23,11.15,11.23,10.98,11.09,11.13,-0.04,-0.3594,16497.4,18295.252
002789.SZ,2022/02/24,11.05,11.16,10.53,10.68,11.09,-0.41,-3.697,22386.8,24262.487
002789.SZ,2022/02/25,10.71,11.04,10.6,10.66,10.68,-0.02,-0.1873,18026.0,19445.99
002789.SZ,2022/02/28,10.5,10.69,10.31,10.51,10.66,-0.15,-1.4071,14330.5,14947.247
002789.SZ,2022/03/01,10.49,10.99,10.43,10.68,10.51,0.17,1.6175,19984.17,21481.364
002789.SZ,2022/03/02,10.62,10.91,10.5,10.87,10.68,0.19,1.779,18828.8,20274.763
002789.SZ,2022/03/03,10.87,10.93,10.8,10.86,10.87,-0.01,-0.092,10832.4,11767.533
002789.SZ,2022/03/04,10.86,10.94,10.53,10.61,10.86,-0.25,-2.302,13809.0,14682.435
002789.SZ,2022/03/07,10.55,10.69,10.3,10.57,10.61,-0.04,-0.377,13717.7,14508.548
002789.SZ,2022/03/08,10.57,10.72,10.25,10.28,10.57,-0.29,-2.7436,19654.2,20529.439
002789.SZ,2022/03/09,10.34,10.7,9.92,10.34,10.28,0.06,0.5837,28222.5,29198.986
002789.SZ,2022/03/10,10.44,10.69,10.44,10.46,10.34,0.12,1.1605,12723.2,13410.903
002789.SZ,2022/03/11,10.4,10.53,10.13,10.45,10.46,-0.01,-0.0956,14009.0,14421.178
002789.SZ,2022/03/14,10.39,10.41,10.12,10.13,10.45,-0.32,-3.0622,13095.0,13424.017
002789.SZ,2022/03/15,10.15,10.23,9.63,9.63,10.13,-0.5,-4.9358,21841.0,21599.995
002789.SZ,2022/03/16,9.75,9.9,9.5,9.87,9.63,0.24,2.4922,17117.5,16626.808
002789.SZ,2022/03/17,9.96,10.28,9.96,10.08,9.87,0.21,2.1277,18595.0,18804.953
002789.SZ,2022/03/18,10.09,11.09,9.98,11.09,10.08,1.01,10.0198,43925.5,47225.31
002789.SZ,2022/03/21,11.08,11.48,10.9,11.45,11.09,0.36,3.2462,95583.06,107186.51
002789.SZ,2022/03/22,11.1,12.6,11.02,12.6,11.45,1.15,10.0437,119642.29,142916.472
002789.SZ,2022/03/23,12.3,12.32,11.34,11.58,12.6,-1.02,-8.0952,129341.19,152325.282
002789.SZ,2022/03/24,11.5,11.85,11.14,11.3,11.58,-0.28,-2.418,63895.0,72951.62
002789.SZ,2022/03/25,11.3,11.38,11.12,11.26,11.3,-0.04,-0.354,33241.1,37426.007
002789.SZ,2022/03/28,11.18,11.31,11.05,11.18,11.26,-0.08,-0.7105,30148.0,33741.008
002789.SZ,2022/03/29,11.25,11.5,10.79,10.85,11.18,-0.33,-2.9517,39711.0,44183.618
002789.SZ,2022/03/30,10.84,11.94,10.78,11.94,10.85,1.09,10.0461,26974.35,31686.518
002789.SZ,2022/03/31,12.8,13.13,12.03,13.13,11.94,1.19,9.9665,135895.53,171579.083
002789.SZ,2022/04/01,13.3,14.44,12.62,12.7,13.13,-0.43,-3.2749,195938.92,268985.921
002789.SZ,2022/04/06,12.6,13.6,12.3,12.81,12.7,0.11,0.8661,128891.89,165336.259
002789.SZ,2022/04/07,12.53,13.08,12.3,12.3,12.81,-0.51,-3.9813,95699.38,121656.333
002789.SZ,2022/04/08,12.82,13.2,12.3,12.49,12.3,0.19,1.5447,81346.45,103417.982
002789.SZ,2022/04/11,12.46,13.74,12.32,13.74,12.49,1.25,10.008,82712.01,108137.321
002789.SZ,2022/04/12,13.46,13.69,12.95,13.09,13.74,-0.65,-4.7307,104610.26,137730.443
002789.SZ,2022/04/13,12.91,12.99,12.35,12.55,13.09,-0.54,-4.1253,66514.95,83671.178
002789.SZ,2022/04/14,12.65,12.75,12.33,12.59,12.55,0.04,0.3187,44414.94,55876.761
002789.SZ,2022/04/15,12.38,12.65,12.03,12.42,12.59,-0.17,-1.3503,43608.83,53776.231
002789.SZ,2022/04/18,12.42,13.2,12.18,12.94,12.42,0.52,4.1868,63853.09,81913.319
002789.SZ,2022/04/19,12.68,12.92,12.43,12.92,12.94,-0.02,-0.1546,37841.5,48028.818
002789.SZ,2022/04/20,12.92,12.92,12.18,12.75,12.92,-0.17,-1.3158,41545.2,52123.169
002789.SZ,2022/04/21,12.75,12.86,11.6,11.74,12.75,-1.01,-7.9216,39924.93,48349.785
002789.SZ,2022/04/22,11.62,12.3,11.29,11.31,11.74,-0.43,-3.6627,37959.7,44753.502
002789.SZ,2022/04/25,11.3,11.7,10.69,10.91,11.31,-0.4,-3.5367,42451.5,47604.246
002789.SZ,2022/04/26,10.56,11.22,10.54,10.75,10.91,-0.16,-1.4665,29542.6,32124.795
002789.SZ,2022/04/27,10.71,11.83,10.71,11.83,10.75,1.08,10.0465,47478.35,55612.798
002789.SZ,2022/04/28,11.8,13.01,11.66,13.01,11.83,1.18,9.9746,124202.78,155900.026
002789.SZ,2022/04/29,14.31,14.31,14.17,14.31,13.01,1.3,9.9923,117014.39,167437.91
002789.SZ,2022/05/05,15.11,15.74,15.11,15.74,14.31,1.43,9.993,84482.41,131806.623
002789.SZ,2022/05/06,16.74,17.31,16.0,17.31,15.74,1.57,9.9746,92835.09,155051.263
002789.SZ,2022/05/09,19.04,19.04,18.48,19.04,17.31,1.73,9.9942,107428.77,204233.349
002789.SZ,2022/05/10,20.25,20.94,19.5,20.94,19.04,1.9,9.979,251436.64,513811.621
002789.SZ,2022/05/11,23.03,23.03,22.48,23.03,20.94,2.09,9.9809,249653.24,574351.648
002789.SZ,2022/05/12,24.5,25.33,22.68,25.33,23.03,2.3,9.987,444284.07,1078690.905
002789.SZ,2022/05/13,26.1,27.8,22.8,23.7,25.33,-1.63,-6.4351,434092.7,1052211.181
002789.SZ,2022/05/16,24.3,24.6,21.33,21.35,23.7,-2.35,-9.9156,496741.03,1112688.807
002789.SZ,2022/05/17,20.1,20.39,19.22,19.22,21.35,-2.13,-9.9766,187376.68,365251.319
002789.SZ,2022/05/18,17.54,18.41,17.35,17.77,19.22,-1.45,-7.5442,341092.62,607686.837
002789.SZ,2022/05/19,17.58,18.33,17.5,18.2,17.77,0.43,2.4198,290352.79,521219.969
002789.SZ,2022/05/20,18.0,18.58,17.77,17.82,18.2,-0.38,-2.0879,245389.47,444282.344
002789.SZ,2022/05/23,17.83,18.54,17.56,18.28,17.82,0.46,2.5814,208083.4,375162.306
002789.SZ,2022/05/24,18.28,18.34,16.45,16.45,18.28,-1.83,-10.0109,241441.52,407250.412
002789.SZ,2022/05/25,15.9,16.44,15.82,16.32,16.45,-0.13,-0.7903,160740.41,260176.73
002789.SZ,2022/05/26,16.3,17.1,16.28,16.63,16.32,0.31,1.8995,218981.82,368217.558
002789.SZ,2022/05/27,16.65,17.45,16.46,17.25,16.63,0.62,3.7282,246820.37,419793.628
002789.SZ,2022/05/30,17.35,18.13,16.37,17.96,17.25,0.71,4.1159,298032.42,517645.58
002789.SZ,2022/05/31,17.5,17.6,16.16,16.16,17.96,-1.8,-10.0223,157606.6,258938.081
002789.SZ,2022/06/01,15.47,16.1,15.38,15.7,16.16,-0.46,-2.8465,196106.07,307961.628
002789.SZ,2022/06/02,15.86,15.9,14.99,15.21,15.7,-0.49,-3.121,153516.87,234436.084
002789.SZ,2022/06/06,15.48,15.5,15.11,15.36,15.21,0.15,0.9862,102102.55,156379.372
002789.SZ,2022/06/07,15.41,15.81,15.19,15.8,15.36,0.44,2.8646,144833.4,225284.322
002789.SZ,2022/06/08,16.0,16.08,15.26,15.49,15.8,-0.31,-1.962,134526.6,210636.513
002789.SZ,2022/06/09,15.58,16.1,15.3,15.74,15.49,0.25,1.6139,142658.0,224923.504
002789.SZ,2022/06/10,16.31,17.31,16.0,17.31,15.74,1.57,9.9746,267717.05,458191.096
002789.SZ,2022/06/13,16.85,16.85,15.58,15.68,17.31,-1.63,-9.4165,258149.6,417343.511
002789.SZ,2022/06/14,15.02,15.69,14.82,15.28,15.68,-0.4,-2.551,149724.9,227829.114
002789.SZ,2022/06/15,15.29,15.69,15.14,15.15,15.28,-0.13,-0.8508,122975.4,188713.042
002789.SZ,2022/06/16,15.04,15.56,15.0,15.49,15.15,0.34,2.2442,93260.6,142705.461
002789.SZ,2022/06/17,15.39,15.61,14.95,15.51,15.49,0.02,0.1291,87488.49,133815.634
002789.SZ,2022/06/20,15.67,15.84,15.41,15.51,15.51,0.0,0.0,76184.7,118801.498
002789.SZ,2022/06/21,15.4,16.38,15.31,15.82,15.51,0.31,1.9987,149736.1,238731.824
002789.SZ,2022/06/22,15.76,16.15,15.2,15.73,15.82,-0.09,-0.5689,120072.5,188132.112
002789.SZ,2022/06/23,15.6,15.73,15.28,15.54,15.73,-0.19,-1.2079,74923.2,115652.237
002789.SZ,2022/06/24,15.54,15.85,15.35,15.39,15.54,-0.15,-0.9653,80925.8,125468.29
002789.SZ,2022/06/27,15.29,15.49,15.0,15.03,15.39,-0.36,-2.3392,96580.4,146955.202
002789.SZ,2022/06/28,15.1,15.12,14.71,14.95,15.03,-0.08,-0.5323,64466.0,96285.163
002789.SZ,2022/06/29,14.9,15.33,14.81,15.18,14.95,0.23,1.5385,95747.4,144744.876
002789.SZ,2022/06/30,15.05,15.2,14.64,14.67,15.18,-0.51,-3.3597,81962.8,120930.905
002789.SZ,2022/07/01,14.65,15.3,14.61,14.8,14.67,0.13,0.8862,93713.5,140909.142
002789.SZ,2022/07/04,14.78,14.97,14.46,14.94,14.8,0.14,0.9459,60203.5,88125.042
002789.SZ,2022/07/05,14.92,15.06,14.57,14.73,14.94,-0.21,-1.4056,67652.91,100039.38
002789.SZ,2022/07/06,14.7,14.8,14.2,14.41,14.73,-0.32,-2.1724,54867.2,79078.151
002789.SZ,2022/07/07,14.39,14.61,14.27,14.32,14.41,-0.09,-0.6246,31394.14,45177.023
002789.SZ,2022/07/08,14.44,15.15,14.3,14.89,14.32,0.57,3.9804,84858.34,126173.252
002789.SZ,2022/07/11,14.85,15.5,14.8,15.2,14.89,0.31,2.0819,98314.2,150324.752
002789.SZ,2022/07/12,15.22,15.99,15.13,15.82,15.2,0.62,4.0789,144163.46,225109.283
002789.SZ,2022/07/13,15.59,17.4,15.5,16.98,15.82,1.16,7.3325,335045.36,571613.858
002789.SZ,2022/07/14,16.25,16.25,15.28,15.28,16.98,-1.7,-10.0118,235722.73,364912.679
002789.SZ,2022/07/15,14.64,14.97,14.5,14.7,15.28,-0.58,-3.7958,122064.79,179741.352
002789.SZ,2022/07/18,14.56,15.27,14.51,15.01,14.7,0.31,2.1088,80075.79,120039.08
002789.SZ,2022/07/19,14.88,15.21,14.88,15.21,15.01,0.2,1.3324,62877.07,94700.226
002789.SZ,2022/07/20,15.22,15.26,14.84,14.9,15.21,-0.31,-2.0381,64618.18,96696.189
002789.SZ,2022/07/21,14.85,15.03,14.64,14.66,14.9,-0.24,-1.6107,53295.87,78737.961
002789.SZ,2022/07/22,14.63,14.88,14.52,14.77,14.66,0.11,0.7503,41576.54,61155.713
002789.SZ,2022/07/25,14.72,15.12,14.4,14.65,14.77,-0.12,-0.8125,55374.8,82066.626
002789.SZ,2022/07/26,14.53,15.96,14.5,15.52,14.65,0.87,5.9386,123552.79,190156.32
002789.SZ,2022/07/27,15.4,15.53,15.18,15.48,15.52,-0.04,-0.2577,70485.21,108282.082
002789.SZ,2022/07/28,15.7,15.87,15.31,15.34,15.48,-0.14,-0.9044,65310.0,101636.784
002789.SZ,2022/07/29,15.58,15.59,14.85,14.87,15.34,-0.47,-3.0639,54675.79,82559.522
002789.SZ,2022/08/01,14.91,15.11,14.58,14.7,14.87,-0.17,-1.1432,49904.79,73506.117
002789.SZ,2022/08/02,14.6,14.61,13.26,13.46,14.7,-1.24,-8.4354,85325.25,115975.115
002789.SZ,2022/08/03,13.23,14.26,13.23,13.88,13.46,0.42,3.1204,67723.95,94275.293
002789.SZ,2022/08/04,13.89,14.78,13.89,14.73,13.88,0.85,6.1239,57433.7,82573.607
002789.SZ,2022/08/05,14.73,14.93,14.38,14.53,14.73,-0.2,-1.3578,45668.4,66612.286
002789.SZ,2022/08/08,14.49,14.75,14.3,14.71,14.53,0.18,1.2388,27449.0,40172.145
002789.SZ,2022/08/09,14.57,14.82,14.41,14.51,14.71,-0.2,-1.3596,26420.0,38459.316
002789.SZ,2022/08/10,14.38,14.82,14.29,14.8,14.51,0.29,1.9986,33778.8,49338.673
002789.SZ,2022/08/11,14.75,15.51,14.75,15.02,14.8,0.22,1.4865,56493.4,85103.26
002789.SZ,2022/08/12,15.16,15.2,14.87,15.11,15.02,0.09,0.5992,43567.0,65601.641
002789.SZ,2022/08/15,14.96,15.44,14.9,15.3,15.11,0.19,1.2574,35925.91,54598.344
002789.SZ,2022/08/16,15.41,16.0,15.25,15.83,15.3,0.53,3.4641,63959.01,100535.9
002789.SZ,2022/08/17,15.87,15.95,15.47,15.59,15.83,-0.24,-1.5161,44968.7,70360.668
002789.SZ,2022/08/18,15.51,15.58,15.21,15.25,15.59,-0.34,-2.1809,41098.71,63098.219
002789.SZ,2022/08/19,15.28,15.4,14.96,14.98,15.25,-0.27,-1.7705,27954.6,42283.185
002789.SZ,2022/08/22,14.98,15.29,14.88,15.24,14.98,0.26,1.7356,21555.4,32591.797
002789.SZ,2022/08/23,15.19,15.33,15.0,15.12,15.24,-0.12,-0.7874,19643.61,29694.233
002789.SZ,2022/08/24,15.1,15.32,14.61,14.66,15.12,-0.46,-3.0423,30942.1,45916.649
002789.SZ,2022/08/25,14.8,15.0,14.41,14.85,14.66,0.19,1.296,29079.91,42815.996
002789.SZ,2022/08/26,14.85,15.18,14.74,14.81,14.85,-0.04,-0.2694,25252.2,37769.002
002789.SZ,2022/08/29,14.65,15.51,14.38,15.43,14.81,0.62,4.1864,63541.51,96976.628
002789.SZ,2022/08/30,15.5,15.7,15.21,15.39,15.43,-0.04,-0.2592,41044.69,63335.797
002789.SZ,2022/08/31,15.3,15.35,14.7,14.72,15.39,-0.67,-4.3535,45286.8,67509.994
002789.SZ,2022/09/01,14.82,15.33,14.66,14.74,14.72,0.02,0.1359,33643.49,50138.098
002789.SZ,2022/09/02,14.75,14.99,14.55,14.74,14.74,0.0,0.0,21505.1,31832.873
002789.SZ,2022/09/05,14.74,15.05,14.67,15.0,14.74,0.26,1.7639,25681.1,38371.384
002789.SZ,2022/09/06,15.09,15.38,14.9,15.15,15.0,0.15,1.0,34149.0,51882.437
002789.SZ,2022/09/07,15.15,15.25,14.8,14.92,15.15,-0.23,-1.5182,29263.9,43721.6
002789.SZ,2022/09/08,15.05,15.75,14.9,15.31,14.92,0.39,2.6139,82074.8,125454.725
002789.SZ,2022/09/09,15.81,16.53,15.32,15.34,15.31,0.03,0.196,138575.53,219660.543
002789.SZ,2022/09/13,14.95,15.75,14.7,15.53,15.34,0.19,1.2386,89178.41,136089.803
002789.SZ,2022/09/14,15.05,16.17,15.05,15.2,15.53,-0.33,-2.1249,68212.79,105677.762
002789.SZ,2022/09/15,15.23,16.72,15.23,16.72,15.2,1.52,10.0,188099.94,305498.208
002789.SZ,2022/09/16,16.72,17.64,16.17,16.21,16.72,-0.51,-3.0502,272201.15,461855.254
002789.SZ,2022/09/19,15.86,17.27,15.65,17.09,16.21,0.88,5.4287,193826.92,320850.735
002789.SZ,2022/09/20,16.65,16.93,16.33,16.93,17.09,-0.16,-0.9362,148158.48,246556.738
002789.SZ,2022/09/21,16.7,16.7,16.0,16.29,16.93,-0.64,-3.7803,93926.97,153232.567
002789.SZ,2022/09/22,15.98,16.06,15.5,15.75,16.29,-0.54,-3.3149,96301.3,151528.229
002789.SZ,2022/09/23,15.54,17.33,15.51,17.33,15.75,1.58,10.0317,116220.26,196161.696
002789.SZ,2022/09/26,18.0,19.06,16.99,17.23,17.33,-0.1,-0.577,293917.88,532298.435
002789.SZ,2022/09/27,17.23,17.69,16.49,17.04,17.23,-0.19,-1.1027,192899.42,326740.541
002789.SZ,2022/09/28,16.88,18.03,16.74,17.22,17.04,0.18,1.0563,215491.79,378406.485
002789.SZ,2022/09/29,16.51,17.2,16.03,17.11,17.22,-0.11,-0.6388,158607.22,263773.522
002789.SZ,2022/09/30,16.75,16.8,15.4,15.4,17.11,-1.71,-9.9942,150793.83,241384.357
002789.SZ,2022/10/10,14.75,14.76,13.86,13.86,15.4,-1.54,-10.0,107625.75,151611.773
002789.SZ,2022/10/11,13.3,13.65,12.75,13.64,13.86,-0.22,-1.5873,73691.66,98239.526
002789.SZ,2022/10/12,13.64,13.64,12.84,13.57,13.64,-0.07,-0.5132,76061.56,100963.568
002789.SZ,2022/10/13,13.53,14.24,13.13,13.74,13.57,0.17,1.2528,84280.06,115038.968
002789.SZ,2022/10/14,13.63,14.03,13.63,13.84,13.74,0.1,0.7278,66615.57,92192.454
002789.SZ,2022/10/17,13.79,14.32,13.71,13.97,13.84,0.13,0.9393,58040.65,81050.966
002789.SZ,2022/10/18,14.09,14.1,13.5,13.76,13.97,-0.21,-1.5032,49165.73,67968.788
002789.SZ,2022/10/19,13.75,13.75,13.25,13.25,13.76,-0.51,-3.7064,57297.74,77055.076
002789.SZ,2022/10/20,13.25,13.4,12.88,13.08,13.25,-0.17,-1.283,40730.4,53214.15
002789.SZ,2022/10/21,13.1,13.54,13.02,13.35,13.08,0.27,2.0642,49218.62,65457.431
002789.SZ,2022/10/24,13.34,13.34,12.71,12.72,13.35,-0.63,-4.7191,50429.4,65579.2
002789.SZ,2022/10/25,12.59,12.9,12.3,12.74,12.72,0.02,0.1572,38172.92,48036.621
002789.SZ,2022/10/26,12.74,12.9,12.41,12.49,12.74,-0.25,-1.9623,44439.38,56103.049
002789.SZ,2022/10/27,12.5,12.59,12.23,12.27,12.49,-0.22,-1.7614,36826.0,45551.778
002789.SZ,2022/10/28,12.27,12.27,11.85,12.01,12.27,-0.26,-2.119,36473.41,43943.453
002789.SZ,2022/10/31,12.18,12.43,12.05,12.2,12.01,0.19,1.582,28804.09,35302.778
002789.SZ,2022/11/01,12.25,12.47,12.24,12.47,12.2,0.27,2.2131,27435.29,33889.497
002789.SZ,2022/11/02,12.47,12.58,12.32,12.53,12.47,0.06,0.4812,32655.04,40752.084
002789.SZ,2022/11/03,12.41,13.05,12.36,13.05,12.53,0.52,4.15,59329.89,76152.703
002789.SZ,2022/11/04,12.99,13.2,12.81,13.16,13.05,0.11,0.8429,47353.29,61501.12
002789.SZ,2022/11/07,13.16,13.37,12.91,13.29,13.16,0.13,0.9878,37252.8,49305.283
002789.SZ,2022/11/08,13.29,13.76,13.2,13.65,13.29,0.36,2.7088,47831.31,64799.175
002789.SZ,2022/11/09,13.58,13.89,13.5,13.79,13.65,0.14,1.0256,49392.62,67925.711
002789.SZ,2022/11/10,13.67,13.94,13.57,13.67,13.79,-0.12,-0.8702,40070.8,54996.575
002789.SZ,2022/11/11,13.91,15.02,13.81,14.53,13.67,0.86,6.2911,97181.76,140618.491
002789.SZ,2022/11/14,14.58,14.93,14.38,14.49,14.53,-0.04,-0.2753,75136.42,109846.397
002789.SZ,2022/11/15,14.5,14.76,14.25,14.65,14.49,0.16,1.1042,49110.0,71378.819
002789.SZ,2022/11/16,14.6,14.8,14.43,14.62,14.65,-0.03,-0.2048,35847.49,52391.413
002789.SZ,2022/11/17,14.67,14.79,14.3,14.73,14.62,0.11,0.7524,43645.17,63499.011
002789.SZ,2022/11/18,14.65,15.05,14.4,14.4,14.73,-0.33,-2.2403,41406.47,60448.64
002789.SZ,2022/11/21,14.42,14.47,14.06,14.09,14.4,-0.31,-2.1528,42935.7,60855.018
002789.SZ,2022/11/22,14.3,14.5,14.02,14.16,14.09,0.07,0.4968,37172.0,52790.852
002789.SZ,2022/11/23,14.22,14.41,14.06,14.23,14.16,0.07,0.4944,30370.41,43238.898
002789.SZ,2022/11/24,14.23,15.65,14.2,14.94,14.23,0.71,4.9895,162066.07,246021.958
002789.SZ,2022/11/25,14.56,15.69,14.35,15.2,14.94,0.26,1.7403,153255.09,228470.334
002789.SZ,2022/11/28,14.79,16.72,14.58,16.72,15.2,1.52,10.0,157626.96,250399.935
002789.SZ,2022/11/29,18.39,18.39,17.7,18.39,16.72,1.67,9.988,267160.14,486750.464
002789.SZ,2022/11/30,20.22,20.23,17.89,17.89,18.39,-0.5,-2.7189,408494.12,804455.179
002789.SZ,2022/12/01,17.16,17.8,16.16,16.23,17.89,-1.66,-9.2789,286630.36,482363.528
002789.SZ,2022/12/02,16.05,16.3,15.61,15.62,16.23,-0.61,-3.7585,169782.91,267976.361
002789.SZ,2022/12/05,15.63,16.04,15.63,16.01,15.62,0.39,2.4968,125553.9,198831.842
002789.SZ,2022/12/06,15.81,15.94,15.18,15.33,16.01,-0.68,-4.2473,127690.63,197836.362
002789.SZ,2022/12/07,15.43,15.48,15.1,15.46,15.33,0.13,0.848,62133.98,95364.941
002789.SZ,2022/12/08,15.46,15.98,15.13,15.98,15.46,0.52,3.3635,133156.78,208985.94
002789.SZ,2022/12/09,15.98,16.33,15.69,16.07,15.98,0.09,0.5632,115601.62,185008.696
002789.SZ,2022/12/12,15.85,15.85,15.2,15.28,16.07,-0.79,-4.916,85499.48,132082.463
002789.SZ,2022/12/13,15.42,15.53,15.15,15.43,15.28,0.15,0.9817,49411.0,75877.431
002789.SZ,2022/12/14,15.32,15.45,14.86,14.88,15.43,-0.55,-3.5645,67519.24,101496.216
002789.SZ,2022/12/15,14.88,15.25,14.75,15.21,14.88,0.33,2.2177,47441.7,71361.363
002789.SZ,2022/12/16,15.04,15.47,14.9,15.1,15.21,-0.11,-0.7232,50884.96,77265.025
002789.SZ,2022/12/19,15.03,15.48,14.86,15.0,15.1,-0.1,-0.6623,45199.4,68303.432
002789.SZ,2022/12/20,14.86,15.12,14.34,15.11,15.0,0.11,0.7333,41504.0,61572.087
002789.SZ,2022/12/21,15.03,15.1,14.66,14.71,15.11,-0.4,-2.6473,26860.9,39772.848
002789.SZ,2022/12/22,14.91,15.2,14.3,14.34,14.71,-0.37,-2.5153,38256.14,56075.258
002789.SZ,2022/12/23,14.21,14.76,14.21,14.6,14.34,0.26,1.8131,36927.16,53793.623
002789.SZ,2022/12/26,14.61,14.77,14.55,14.71,14.6,0.11,0.7534,21628.06,31758.921
002789.SZ,2022/12/27,14.73,15.34,14.6,14.93,14.71,0.22,1.4956,51913.4,77939.966
002789.SZ,2022/12/28,14.7,14.85,14.43,14.49,14.93,-0.44,-2.9471,35264.22,51429.043
002789.SZ,2022/12/29,14.38,14.59,14.12,14.12,14.49,-0.37,-2.5535,22265.0,31927.736
002789.SZ,2022/12/30,14.23,14.53,14.14,14.46,14.12,0.34,2.4079,20890.76,30098.805
002789.SZ,2023/01/03,14.5,14.79,14.35,14.73,14.46,0.27,1.8672,24299.0,35662.462
002789.SZ,2023/01/04,14.6,15.56,14.6,15.15,14.73,0.42,2.8513,64213.4,97674.582
002789.SZ,2023/01/05,15.23,15.29,14.86,15.02,15.15,-0.13,-0.8581,37703.43,56748.015
002789.SZ,2023/01/06,14.96,15.36,14.92,15.0,15.02,-0.02,-0.1332,33199.0,50170.924
002789.SZ,2023/01/09,15.05,15.34,15.0,15.09,15.0,0.09,0.6,30467.6,46157.268
002789.SZ,2023/01/10,15.0,15.6,14.99,15.43,15.09,0.34,2.2531,63479.64,97704.788
002789.SZ,2023/01/11,15.4,15.43,15.03,15.17,15.43,-0.26,-1.685,35976.0,54842.631
002789.SZ,2023/01/12,15.12,15.23,15.0,15.05,15.17,-0.12,-0.791,26689.34,40298.521
002789.SZ,2023/01/13,15.14,15.45,15.03,15.27,15.05,0.22,1.4618,32873.78,50196.095
002789.SZ,2023/01/16,15.35,15.42,15.17,15.22,15.27,-0.05,-0.3274,29472.22,45064.804
002789.SZ,2023/01/17,15.2,15.26,15.06,15.06,15.22,-0.16,-1.0512,20676.0,31314.29
002789.SZ,2023/01/18,15.1,15.39,14.3,15.24,15.06,0.18,1.1952,28577.08,43159.856
002789.SZ,2023/01/19,15.14,15.31,15.04,15.15,15.24,-0.09,-0.5906,27393.0,41535.607
002789.SZ,2023/01/20,15.21,15.32,15.15,15.26,15.15,0.11,0.7261,21529.48,32796.305
002789.SZ,2023/01/30,15.36,15.69,15.23,15.68,15.26,0.42,2.7523,53165.68,82736.57
002789.SZ,2023/01/31,15.62,15.85,15.4,15.8,15.68,0.12,0.7653,46960.7,73708.319
002789.SZ,2023/02/01,15.75,15.85,15.51,15.73,15.8,-0.07,-0.443,48017.8,75258.96
002789.SZ,2023/02/02,15.75,15.86,15.6,15.63,15.73,-0.1,-0.6357,31113.0,48726.354
002789.SZ,2023/02/03,15.58,15.99,15.46,15.99,15.63,0.36,2.3033,73860.56,116623.441
002789.SZ,2023/02/06,16.14,17.59,15.81,17.09,15.99,1.1,6.8793,189306.16,320844.095
002789.SZ,2023/02/07,16.89,17.3,16.75,17.2,17.09,0.11,0.6437,139604.44,237239.16
002789.SZ,2023/02/08,17.0,17.0,16.56,16.62,17.2,-0.58,-3.3721,71011.78,118692.878
002789.SZ,2023/02/09,16.62,16.65,16.24,16.64,16.62,0.02,0.1203,60287.55,99420.461
002789.SZ,2023/02/10,16.52,16.66,16.27,16.33,16.64,-0.31,-1.863,47120.91,77441.606
002789.SZ,2023/02/13,16.08,16.75,16.07,16.6,16.33,0.27,1.6534,46671.77,77042.167
002789.SZ,2023/02/14,16.6,16.6,16.28,16.33,16.6,-0.27,-1.6265,35178.73,57649.847
002789.SZ,2023/02/15,16.39,16.55,16.16,16.4,16.33,0.07,0.4287,32551.14,53327.321
002789.SZ,2023/02/16,16.21,16.39,15.44,15.53,16.4,-0.87,-5.3049,64706.71,103222.843
002789.SZ,2023/02/17,15.49,15.68,15.33,15.42,15.53,-0.11,-0.7083,35371.7,54828.021
002789.SZ,2023/02/20,15.36,15.64,15.21,15.64,15.42,0.22,1.4267,29887.6,46402.941
002789.SZ,2023/02/21,15.7,16.1,15.68,16.0,15.64,0.36,2.3018,37115.52,59090.783
002789.SZ,2023/02/22,15.9,16.76,15.81,16.51,16.0,0.51,3.1875,77049.53,126283.781
002789.SZ,2023/02/23,16.35,16.35,15.8,15.96,16.51,-0.55,-3.3313,64505.93,103140.667
002789.SZ,2023/02/24,16.0,16.54,16.0,16.11,15.96,0.15,0.9398,54606.3,88938.31
002789.SZ,2023/02/27,16.14,16.24,15.62,15.66,16.11,-0.45,-2.7933,35088.0,55425.856
002789.SZ,2023/02/28,15.6,15.75,15.36,15.7,15.66,0.04,0.2554,28939.2,44913.436
002789.SZ,2023/03/01,15.64,15.68,15.5,15.68,15.7,-0.02,-0.1274,20277.5,31622.53
002789.SZ,2023/03/02,15.6,15.87,15.5,15.61,15.68,-0.07,-0.4464,29159.39,45777.448
002789.SZ,2023/03/03,15.71,15.71,15.39,15.49,15.61,-0.12,-0.7687,24190.03,37559.952
002789.SZ,2023/03/06,15.53,15.66,15.28,15.38,15.49,-0.11,-0.7101,17551.48,27032.784
002789.SZ,2023/03/07,15.29,15.8,15.14,15.16,15.38,-0.22,-1.4304,29699.0,45891.744
002789.SZ,2023/03/08,15.02,15.4,14.95,15.34,15.16,0.18,1.1873,21360.26,32438.577
002789.SZ,2023/03/09,15.25,15.68,15.2,15.64,15.34,0.3,1.9557,33597.5,52139.07
002789.SZ,2023/03/10,15.51,15.72,15.23,15.37,15.64,-0.27,-1.7263,26529.48,41086.064
002789.SZ,2023/03/13,15.37,15.55,15.01,15.21,15.37,-0.16,-1.041,21052.38,32120.621
002789.SZ,2023/03/14,15.24,15.39,15.02,15.26,15.21,0.05,0.3287,16529.0,25151.355
002789.SZ,2023/03/15,15.21,15.65,15.21,15.46,15.26,0.2,1.3106,26729.2,41289.99
002789.SZ,2023/03/16,15.46,15.46,14.94,14.98,15.46,-0.48,-3.1048,22254.0,33789.432
002789.SZ,2023/03/17,14.99,15.25,14.91,14.99,14.98,0.01,0.0668,16185.98,24316.476
002789.SZ,2023/03/20,14.96,15.05,14.38,14.55,14.99,-0.44,-2.9353,31572.01,46140.329
002789.SZ,2023/03/21,14.57,15.15,14.5,15.11,14.55,0.56,3.8488,27790.05,41421.638
002789.SZ,2023/03/22,15.3,15.72,15.11,15.5,15.11,0.39,2.5811,36113.18,55968.187
002789.SZ,2023/03/23,15.4,15.46,15.14,15.24,15.5,-0.26,-1.6774,25006.9,38133.243
002789.SZ,2023/03/24,15.16,15.44,15.09,15.2,15.24,-0.04,-0.2625,14996.5,22748.614
002789.SZ,2023/03/27,15.11,15.42,15.06,15.28,15.2,0.08,0.5263,14568.7,22188.265
002789.SZ,2023/03/28,15.28,15.28,15.01,15.06,15.28,-0.22,-1.4398,12983.0,19618.661
002789.SZ,2023/03/29,15.01,15.19,14.88,15.02,15.06,-0.04,-0.2656,11976.2,18013.946
002789.SZ,2023/03/30,14.94,14.98,14.62,14.73,15.02,-0.29,-1.9308,15617.2,23012.028
002789.SZ,2023/03/31,14.72,14.86,14.66,14.72,14.73,-0.01,-0.0679,10272.65,15140.121
002789.SZ,2023/04/03,14.7,14.84,14.54,14.76,14.72,0.04,0.2717,16433.0,24160.091
002789.SZ,2023/04/04,14.85,14.86,14.43,14.64,14.76,-0.12,-0.813,16798.0,24511.249
002789.SZ,2023/04/06,14.82,15.19,14.66,14.69,14.64,0.05,0.3415,24281.0,36036.247
002789.SZ,2023/04/07,14.55,14.97,14.46,14.78,14.69,0.09,0.6127,18547.5,27378.248
002789.SZ,2023/04/10,14.65,14.78,14.44,14.47,14.78,-0.31,-2.0974,15683.0,22848.219
002789.SZ,2023/04/11,14.4,14.5,14.31,14.45,14.47,-0.02,-0.1382,9522.9,13729.601
002789.SZ,2023/04/12,14.44,14.58,14.35,14.35,14.45,-0.1,-0.692,10156.0,14652.432
002789.SZ,2023/04/13,14.35,14.46,14.28,14.33,14.35,-0.02,-0.1394,10632.0,15270.166
002789.SZ,2023/04/14,14.33,14.49,14.33,14.41,14.33,0.08,0.5583,9664.48,13911.535
002789.SZ,2023/04/17,14.39,14.59,14.39,14.52,14.41,0.11,0.7634,11080.5,16050.687
002789.SZ,2023/04/18,14.65,14.66,14.24,14.28,14.52,-0.24,-1.6529,13892.0,19931.064
002789.SZ,2023/04/19,14.27,14.27,13.9,14.14,14.28,-0.14,-0.9804,17651.98,24796.232
002789.SZ,2023/04/20,14.0,14.13,13.73,13.93,14.14,-0.21,-1.4851,15765.93,21847.246
002789.SZ,2023/04/21,13.88,14.05,13.67,13.72,13.93,-0.21,-1.5075,14112.9,19551.508
002789.SZ,2023/04/24,13.71,13.95,13.41,13.77,13.72,0.05,0.3644,12919.72,17643.093
002789.SZ,2023/04/25,13.92,13.95,13.34,13.55,13.77,-0.22,-1.5977,16515.02,22359.016
002789.SZ,2023/04/26,13.45,13.88,13.45,13.84,13.55,0.29,2.1402,13924.5,19125.517
002789.SZ,2023/04/27,13.85,14.18,13.78,14.05,13.84,0.21,1.5173,16845.54,23625.349
002789.SZ,2023/04/28,14.03,14.5,14.03,14.48,14.05,0.43,3.0605,18726.5,26856.835
002789.SZ,2023/05/04,14.5,14.99,14.48,14.94,14.48,0.46,3.1768,28737.8,42588.208
002789.SZ,2023/05/05,14.81,15.22,14.71,15.11,14.94,0.17,1.1379,28366.5,42715.972
002789.SZ,2023/05/08,15.11,15.25,14.88,15.06,15.11,-0.05,-0.3309,22401.1,33707.133
002789.SZ,2023/05/09,15.06,15.23,14.91,14.95,15.06,-0.11,-0.7304,21321.2,32124.632
002789.SZ,2023/05/10,15.0,15.2,14.82,15.01,14.95,0.06,0.4013,14505.2,21835.614
002789.SZ,2023/05/11,15.07,15.2,14.93,15.08,15.01,0.07,0.4664,10493.5,15805.057
002789.SZ,2023/05/12,15.08,15.2,14.95,15.09,15.08,0.01,0.0663,12757.62,19212.984
002789.SZ,2023/05/15,15.05,15.05,14.75,14.93,15.09,-0.16,-1.0603,14331.0,21330.576
002789.SZ,2023/05/16,14.93,14.93,14.59,14.68,14.93,-0.25,-1.6745,16038.1,23588.782
002789.SZ,2023/05/17,14.82,14.95,14.56,14.93,14.68,0.25,1.703,10543.0,15613.346
002789.SZ,2023/05/18,14.95,15.0,14.7,14.8,14.93,-0.13,-0.8707,9926.76,14683.401
002789.SZ,2023/05/19,14.85,14.9,14.59,14.76,14.8,-0.04,-0.2703,9853.0,14532.482
002789.SZ,2023/05/22,14.5,14.83,14.5,14.62,14.76,-0.14,-0.9485,11260.1,16478.582
002789.SZ,2023/05/23,14.65,14.78,14.46,14.58,14.62,-0.04,-0.2736,11815.36,17278.302
002789.SZ,2023/05/24,14.6,14.63,14.37,14.58,14.58,0.0,0.0,7691.0,11209.668
002789.SZ,2023/05/25,14.39,14.75,14.39,14.69,14.58,0.11,0.7545,16734.7,24393.759
002789.SZ,2023/05/26,14.7,14.88,14.51,14.66,14.69,-0.03,-0.2042,10670.0,15599.065
002789.SZ,2023/05/29,14.65,14.78,14.56,14.65,14.66,-0.01,-0.0682,12483.78,18334.582
002789.SZ,2023/05/30,14.59,14.67,14.5,14.6,14.65,-0.05,-0.3413,9711.7,14171.301
002789.SZ,2023/05/31,14.7,15.05,14.6,15.05,14.6,0.45,3.0822,21202.02,31726.441
002789.SZ,2023/06/01,15.05,15.05,14.2,14.32,15.05,-0.73,-4.8505,39664.18,57147.973
002789.SZ,2023/06/02,14.32,14.95,14.32,14.86,14.32,0.54,3.7709,27242.0,40102.484
002789.SZ,2023/06/05,14.83,15.11,14.8,14.97,14.86,0.11,0.7402,15423.93,23097.297
002789.SZ,2023/06/06,14.96,15.69,14.9,15.17,14.97,0.2,1.336,36387.96,55742.853
002789.SZ,2023/06/07,15.01,15.38,14.92,15.03,15.17,-0.14,-0.9229,20813.96,31417.103
002789.SZ,2023/06/08,14.95,15.62,14.95,15.41,15.03,0.38,2.5283,41168.06,63495.891
002789.SZ,2023/06/09,15.41,15.52,15.0,15.04,15.41,-0.37,-2.401,29673.5,44949.051
002789.SZ,2023/06/12,15.04,15.13,14.66,14.87,15.04,-0.17,-1.1303,19262.0,28492.82
002789.SZ,2023/06/13,14.95,14.96,14.74,14.82,14.87,-0.05,-0.3362,12261.4,18167.602
002789.SZ,2023/06/14,14.76,14.82,14.58,14.63,14.82,-0.19,-1.2821,12986.0,19053.84
002789.SZ,2023/06/15,14.61,14.65,14.41,14.48,14.63,-0.15,-1.0253,13050.0,18902.325
002789.SZ,2023/06/16,14.49,15.08,14.48,14.73,14.48,0.25,1.7265,20144.1,29751.462
002789.SZ,2023/06/19,14.83,14.83,14.36,14.39,14.73,-0.34,-2.3082,22203.6,32103.432
002789.SZ,2023/06/20,14.4,14.42,14.17,14.17,14.39,-0.22,-1.5288,15227.5,21649.515
002789.SZ,2023/06/21,14.17,14.29,14.04,14.04,14.17,-0.13,-0.9174,13174.4,18580.034
002789.SZ,2023/06/26,13.99,14.24,13.8,14.04,14.04,0.0,0.0,13902.3,19447.902
002789.SZ,2023/06/27,14.06,14.4,14.02,14.32,14.04,0.28,1.9943,13660.4,19512.874
002789.SZ,2023/06/28,14.25,14.42,14.05,14.32,14.32,0.0,0.0,11415.2,16267.708
002789.SZ,2023/06/29,14.3,14.58,14.24,14.45,14.32,0.13,0.9078,9385.0,13557.177
002789.SZ,2023/06/30,14.46,14.65,14.45,14.53,14.45,0.08,0.5536,10440.0,15220.972
002789.SZ,2023/07/03,14.54,14.99,14.54,14.87,14.53,0.34,2.34,20780.0,30782.105
002789.SZ,2023/07/04,14.88,15.09,14.71,15.07,14.87,0.2,1.345,22948.6,34466.36
002789.SZ,2023/07/05,15.18,15.28,15.02,15.07,15.07,0.0,0.0,17603.0,26611.306
002789.SZ,2023/07/06,15.08,15.18,15.0,15.03,15.07,-0.04,-0.2654,13647.4,20573.935
002789.SZ,2023/07/07,15.09,15.12,14.91,15.03,15.03,0.0,0.0,14376.12,21567.085
002789.SZ,2023/07/10,15.12,15.12,14.85,14.94,15.03,-0.09,-0.5988,10702.0,15979.211
002789.SZ,2023/07/11,15.06,15.06,14.87,15.03,14.94,0.09,0.6024,10541.7,15815.144
002789.SZ,2023/07/12,15.15,15.15,14.95,15.01,15.03,-0.02,-0.1331,10743.0,16157.705
002789.SZ,2023/07/13,15.01,15.19,14.9,15.05,15.01,0.04,0.2665,10436.3,15749.288
002789.SZ,2023/07/14,15.05,15.16,15.01,15.06,15.05,0.01,0.0664,10122.78,15276.543
002789.SZ,2023/07/17,15.14,15.18,14.95,15.15,15.06,0.09,0.5976,16813.0,25410.116
002789.SZ,2023/07/18,15.23,15.59,15.09,15.45,15.15,0.3,1.9802,27645.7,42560.079
002789.SZ,2023/07/19,15.44,15.59,15.26,15.36,15.45,-0.09,-0.5825,14585.0,22452.673
002789.SZ,2023/07/20,15.36,15.48,15.15,15.2,15.36,-0.16,-1.0417,16543.0,25257.845
002789.SZ,2023/07/21,15.1,15.38,15.1,15.28,15.2,0.08,0.5263,14717.0,22455.901
002789.SZ,2023/07/24,15.65,16.2,15.26,15.41,15.28,0.13,0.8508,44996.5,69955.233
002789.SZ,2023/07/25,15.41,16.57,15.18,16.02,15.41,0.61,3.9585,95024.9,152545.467
002789.SZ,2023/07/26,15.91,16.35,15.81,16.22,16.02,0.2,1.2484,89642.38,145090.015
002789.SZ,2023/07/27,16.0,16.33,15.59,16.08,16.22,-0.14,-0.8631,48724.62,78516.668
002789.SZ,2023/07/28,16.09,16.35,15.88,16.24,16.08,0.16,0.995,42817.02,69115.023
002789.SZ,2023/07/31,16.51,16.59,16.0,16.06,16.24,-0.18,-1.1084,42492.1,68794.025
002789.SZ,2023/08/01,15.99,16.1,15.75,15.87,16.06,-0.19,-1.1831,35413.26,56240.294
002789.SZ,2023/08/02,15.76,16.23,15.75,15.9,15.87,0.03,0.189,25629.02,40877.794
002789.SZ,2023/08/03,15.89,15.93,15.63,15.78,15.9,-0.12,-0.7547,17049.0,26876.568
002789.SZ,2023/08/04,16.0,16.22,15.77,16.01,15.78,0.23,1.4575,38218.0,61170.368
002789.SZ,2023/08/07,16.02,16.09,15.52,15.6,16.01,-0.41,-2.5609,34721.0,54382.383
002789.SZ,2023/08/08,15.67,15.92,15.59,15.65,15.6,0.05,0.3205,20458.92,32204.119
002789.SZ,2023/08/09,15.65,16.82,15.33,15.82,15.65,0.17,1.0863,79506.0,128164.712
002789.SZ,2023/08/10,15.68,15.84,15.4,15.56,15.82,-0.26,-1.6435,51106.0,79464.361
002789.SZ,2023/08/11,15.65,15.98,15.26,15.27,15.56,-0.29,-1.8638,34500.0,53338.786
002789.SZ,2023/08/14,15.1,15.3,15.0,15.15,15.27,-0.12,-0.7859,22428.0,33969.654
002789.SZ,2023/08/15,15.13,15.23,14.85,14.97,15.15,-0.18,-1.1881,18480.0,27684.701
002789.SZ,2023/08/16,14.9,15.4,14.86,15.14,14.97,0.17,1.1356,17327.0,26252.006
002789.SZ,2023/08/17,15.27,15.37,14.78,15.35,15.14,0.21,1.3871,23811.7,36025.989
002789.SZ,2023/08/18,15.45,15.85,15.35,15.67,15.35,0.32,2.0847,36522.46,57462.797
002789.SZ,2023/08/21,15.62,15.85,15.41,15.47,15.67,-0.2,-1.2763,19760.7,30684.428
002789.SZ,2023/08/22,15.47,15.75,15.27,15.53,15.47,0.06,0.3878,20470.0,31642.609
002789.SZ,2023/08/23,15.54,15.86,15.42,15.6,15.53,0.07,0.4507,27295.8,42754.146
002789.SZ,2023/08/24,15.66,15.72,15.17,15.32,15.6,-0.28,-1.7949,21523.0,32959.019
002789.SZ,2023/08/25,15.2,15.41,15.1,15.11,15.32,-0.21,-1.3708,19656.0,29931.658
002789.SZ,2023/08/28,15.72,16.3,15.61,15.87,15.11,0.76,5.0298,60990.01,97347.638
002789.SZ,2023/08/29,15.9,16.3,15.89,16.2,15.87,0.33,2.0794,55660.8,89687.914
002789.SZ,2023/08/30,16.01,16.13,15.62,15.78,16.2,-0.42,-2.5926,40666.16,64173.516
002789.SZ,2023/08/31,15.7,15.81,15.25,15.31,15.78,-0.47,-2.9785,31065.7,47905.034
002789.SZ,2023/09/01,15.3,15.5,15.02,15.22,15.31,-0.09,-0.5879,20122.0,30564.167
002789.SZ,2023/09/04,15.25,15.7,15.16,15.57,15.22,0.35,2.2996,31583.0,48986.566
002789.SZ,2023/09/05,15.53,15.57,15.21,15.33,15.57,-0.24,-1.5414,23415.0,35880.183
002789.SZ,2023/09/06,15.25,15.44,15.1,15.4,15.33,0.07,0.4566,15620.5,23891.077
002789.SZ,2023/09/07,15.5,15.5,15.16,15.26,15.4,-0.14,-0.9091,17316.5,26459.677
002789.SZ,2023/09/08,15.19,15.3,15.0,15.18,15.26,-0.08,-0.5242,18531.0,27974.092
002789.SZ,2023/09/11,15.22,15.38,14.9,15.01,15.18,-0.17,-1.1199,19509.7,29226.543
002789.SZ,2023/09/12,14.97,15.03,14.8,14.81,15.01,-0.2,-1.3324,19245.0,28591.006
002789.SZ,2023/09/13,14.81,14.92,14.7,14.87,14.81,0.06,0.4051,14701.9,21813.897
002789.SZ,2023/09/14,14.92,14.92,14.45,14.56,14.87,-0.31,-2.0847,19342.8,28295.848
002789.SZ,2023/09/15,14.64,14.7,14.43,14.56,14.56,0.0,0.0,13799.5,20040.685
002789.SZ,2023/09/18,14.45,14.77,14.27,14.65,14.56,0.09,0.6181,13787.4,20075.454
002789.SZ,2023/09/19,14.65,14.72,14.47,14.57,14.65,-0.08,-0.5461,12085.0,17653.846
002789.SZ,2023/09/20,14.49,14.77,14.48,14.56,14.57,-0.01,-0.0686,13015.0,19038.884
002789.SZ,2023/09/21,14.49,14.6,14.36,14.37,14.56,-0.19,-1.3049,9884.7,14290.957
002789.SZ,2023/09/22,14.34,14.61,14.24,14.56,14.37,0.19,1.3222,12035.0,17445.35
002789.SZ,2023/09/25,14.56,14.59,14.26,14.46,14.56,-0.1,-0.6868,12838.7,18521.207
002789.SZ,2023/09/26,14.67,14.74,14.39,14.52,14.46,0.06,0.4149,14363.0,20979.415
002789.SZ,2023/09/27,14.53,14.71,14.4,14.6,14.52,0.08,0.551,11777.7,17188.782
002789.SZ,2023/09/28,14.7,14.77,14.55,14.73,14.6,0.13,0.8904,11470.0,16882.169
002789.SZ,2023/10/09,14.7,14.85,14.55,14.8,14.73,0.07,0.4752,19537.07,28684.611
002789.SZ,2023/10/10,14.8,14.8,14.31,14.35,14.8,-0.45,-3.0405,19114.8,27660.759
002789.SZ,2023/10/11,14.45,14.6,14.29,14.48,14.35,0.13,0.9059,14488.0,20921.08
002789.SZ,2023/10/12,14.47,14.64,14.3,14.36,14.48,-0.12,-0.8287,9363.0,13469.687
002789.SZ,2023/10/13,14.36,14.36,14.0,14.05,14.36,-0.31,-2.1588,12903.7,18203.02
002789.SZ,2023/10/16,14.07,14.2,13.93,14.1,14.05,0.05,0.3559,9671.5,13568.729
002789.SZ,2023/10/17,14.1,14.11,13.92,14.11,14.1,0.01,0.0709,6088.0,8531.964
002789.SZ,2023/10/18,14.1,14.11,13.86,13.92,14.11,-0.19,-1.3466,6319.4,8833.252
002789.SZ,2023/10/19,13.9,14.25,13.7,13.94,13.92,0.02,0.1437,9095.0,12774.595
002789.SZ,2023/10/20,13.95,14.12,13.78,13.95,13.94,0.01,0.0717,6228.0,8704.763
002789.SZ,2023/10/23,13.84,13.94,13.6,13.69,13.95,-0.26,-1.8638,9248.8,12687.768
002789.SZ,2023/10/24,13.14,14.2,13.14,14.15,13.69,0.46,3.3601,10804.1,15152.295
002789.SZ,2023/10/25,14.27,14.58,14.27,14.48,14.15,0.33,2.3322,10731.0,15548.072
002789.SZ,2023/10/26,14.5,14.6,14.39,14.5,14.48,0.02,0.1381,11071.1,16034.938
002789.SZ,2023/10/27,14.5,14.64,14.35,14.59,14.5,0.09,0.6207,8091.0,11785.901
002789.SZ,2023/10/30,14.58,14.65,14.36,14.59,14.59,0.0,0.0,8471.8,12311.034
002789.SZ,2023/10/31,14.59,14.72,14.33,14.41,14.59,-0.18,-1.2337,12116.1,17457.687
002789.SZ,2023/11/01,14.4,14.49,14.1,14.42,14.41,0.01,0.0694,19065.8,27230.054
002789.SZ,2023/11/02,14.39,14.5,14.3,14.32,14.42,-0.1,-0.6935,10007.5,14410.79
002789.SZ,2023/11/03,14.4,14.58,14.34,14.45,14.32,0.13,0.9078,10438.6,15124.792
002789.SZ,2023/11/06,14.49,14.77,14.33,14.58,14.45,0.13,0.8997,8819.0,12819.93
002789.SZ,2023/11/07,14.77,14.77,14.43,14.66,14.58,0.08,0.5487,10316.3,15072.666
002789.SZ,2023/11/08,14.59,14.7,14.49,14.67,14.66,0.01,0.0682,8792.8,12856.446
002789.SZ,2023/11/09,14.74,14.77,14.55,14.59,14.67,-0.08,-0.5453,7985.4,11680.817
002789.SZ,2023/11/10,14.5,14.64,14.45,14.6,14.59,0.01,0.0685,7078.0,10300.578
002789.SZ,2023/11/13,14.55,14.76,14.55,14.75,14.6,0.15,1.0274,10222.0,15017.423
002789.SZ,2023/11/14,14.76,14.9,14.65,14.78,14.75,0.03,0.2034,10145.0,14977.715
002789.SZ,2023/11/15,14.88,14.88,14.68,14.77,14.78,-0.01,-0.0677,7063.0,10428.891
002789.SZ,2023/11/16,14.8,14.85,14.67,14.76,14.77,-0.01,-0.0677,8653.0,12758.666
002789.SZ,2023/11/17,14.76,14.77,14.6,14.73,14.76,-0.03,-0.2033,8607.0,12643.84
002789.SZ,2023/11/20,14.78,14.89,14.63,14.85,14.73,0.12,0.8147,18131.5,26793.169
002789.SZ,2023/11/21,14.89,14.97,14.68,14.68,14.85,-0.17,-1.1448,10073.0,14943.437
002789.SZ,2023/11/22,14.63,14.85,14.63,14.67,14.68,-0.01,-0.0681,10070.0,14830.674
002789.SZ,2023/11/23,14.69,14.79,14.58,14.74,14.67,0.07,0.4772,8543.5,12551.988
002789.SZ,2023/11/24,14.78,14.85,14.45,14.47,14.74,-0.27,-1.8318,10542.2,15350.718
002789.SZ,2023/11/27,14.44,14.58,14.3,14.41,14.47,-0.06,-0.4147,10753.9,15511.025
002789.SZ,2023/11/28,14.46,14.67,14.32,14.64,14.41,0.23,1.5961,13725.56,20003.616
002789.SZ,2023/11/29,14.57,14.61,14.3,14.38,14.64,-0.26,-1.776,11399.0,16408.872
002789.SZ,2023/11/30,14.38,14.51,14.24,14.37,14.38,-0.01,-0.0695,13611.78,19546.095
002789.SZ,2023/12/01,14.44,14.56,14.21,14.49,14.37,0.12,0.8351,9849.0,14223.565
002789.SZ,2023/12/04,14.51,14.65,14.35,14.41,14.49,-0.08,-0.5521,11103.4,16048.503
002789.SZ,2023/12/05,14.57,14.57,14.06,14.06,14.41,-0.35,-2.4289,12202.0,17306.7
002789.SZ,2023/12/06,13.98,14.3,13.98,14.25,14.06,0.19,1.3514,12948.22,18381.1
002789.SZ,2023/12/07,14.39,14.48,14.08,14.21,14.25,-0.04,-0.2807,10286.8,14596.342
002789.SZ,2023/12/08,14.25,14.32,13.66,13.69,14.21,-0.52,-3.6594,16899.0,23468.293
002789.SZ,2023/12/11,13.77,13.91,13.45,13.6,13.69,-0.09,-0.6574,17312.6,23633.341
002789.SZ,2023/12/12,13.72,13.95,13.57,13.94,13.6,0.34,2.5,15045.0,20716.847
002789.SZ,2023/12/13,14.0,14.1,13.81,13.85,13.94,-0.09,-0.6456,11849.5,16518.198
002789.SZ,2023/12/14,14.2,14.31,13.87,14.07,13.85,0.22,1.5884,23546.3,33265.702
002789.SZ,2023/12/15,14.01,14.21,13.83,13.97,14.07,-0.1,-0.7107,15405.0,21479.562
002789.SZ,2023/12/18,13.9,14.15,13.71,13.8,13.97,-0.17,-1.2169,16288.1,22663.117
002789.SZ,2023/12/19,13.81,13.87,13.64,13.81,13.8,0.01,0.0725,11891.0,16354.035
002789.SZ,2023/12/20,13.8,14.01,13.8,13.84,13.81,0.03,0.2172,12954.0,18027.001
002789.SZ,2023/12/21,13.85,13.91,13.5,13.82,13.84,-0.02,-0.1445,11893.0,16328.134
002789.SZ,2023/12/22,13.84,14.0,13.65,13.8,13.82,-0.02,-0.1447,14752.0,20328.439
002789.SZ,2023/12/25,13.77,13.82,13.35,13.41,13.8,-0.39,-2.8261,14856.0,19998.246
002789.SZ,2023/12/26,13.41,13.49,13.21,13.27,13.41,-0.14,-1.044,7396.0,9836.606
002789.SZ,2023/12/27,13.27,13.51,13.14,13.34,13.27,0.07,0.5275,8533.0,11339.691
002789.SZ,2023/12/28,13.34,13.66,13.19,13.63,13.34,0.29,2.1739,9548.2,12907.953
002789.SZ,2023/12/29,13.62,13.8,13.55,13.76,13.63,0.13,0.9538,10451.2,14311.173
002789.SZ,2024/01/02,13.91,14.15,13.88,14.14,13.76,0.38,2.7616,16713.6,23492.927
002789.SZ,2024/01/03,14.13,14.15,13.97,14.07,14.14,-0.07,-0.495,12416.0,17471.939
002789.SZ,2024/01/04,14.08,14.18,14.0,14.09,14.07,0.02,0.1421,8711.5,12263.612
002789.SZ,2024/01/05,14.14,14.21,13.85,13.93,14.09,-0.16,-1.1356,13171.2,18454.197
002789.SZ,2024/01/08,13.93,14.13,13.77,13.77,13.93,-0.16,-1.1486,13393.2,18686.566
002789.SZ,2024/01/09,13.87,14.09,13.8,13.92,13.77,0.15,1.0893,15981.0,22287.163
002789.SZ,2024/01/10,13.85,14.0,13.64,13.76,13.92,-0.16,-1.1494,12649.0,17436.466
002789.SZ,2024/01/11,13.7,14.0,13.58,13.77,13.76,0.01,0.0727,12645.0,17427.297
002789.SZ,2024/01/12,13.76,14.05,13.7,13.78,13.77,0.01,0.0726,14920.0,20723.278
002789.SZ,2024/01/15,13.73,13.87,13.56,13.82,13.78,0.04,0.2903,13509.0,18531.398
002789.SZ,2024/01/16,13.82,13.96,13.5,13.77,13.82,-0.05,-0.3618,16907.0,23149.758
002789.SZ,2024/01/17,13.77,14.49,13.34,13.34,13.77,-0.43,-3.1227,43153.89,59751.731
002789.SZ,2024/01/18,13.33,13.59,12.98,13.41,13.34,0.07,0.5247,40015.99,52857.165
002789.SZ,2024/01/19,13.44,13.44,12.9,12.92,13.41,-0.49,-3.654,30733.5,40224.05
002789.SZ,2024/01/22,12.93,12.93,11.67,12.0,12.92,-0.92,-7.1207,26442.5,33013.055
002789.SZ,2024/01/23,11.99,11.99,11.42,11.87,12.0,-0.13,-1.0833,22849.0,26698.382
002789.SZ,2024/01/24,11.87,12.48,11.63,12.3,11.87,0.43,3.6226,26629.01,32097.903
002789.SZ,2024/01/25,12.31,13.49,12.16,13.15,12.3,0.85,6.9106,43857.3,56379.021
002789.SZ,2024/01/26,13.06,13.4,12.91,13.13,13.15,-0.02,-0.1521,27646.6,36570.113
002789.SZ,2024/01/29,13.14,13.26,12.41,12.46,13.13,-0.67,-5.1028,23567.1,29953.753
002789.SZ,2024/01/30,13.1,13.71,13.1,13.71,12.46,1.25,10.0321,80364.2,109993.674
002789.SZ,2024/01/31,13.71,15.08,12.36,12.5,13.71,-1.21,-8.8257,223984.48,300570.104
002789.SZ,2024/02/01,11.64,11.97,11.25,11.25,12.5,-1.25,-10.0,44739.0,50912.91
002789.SZ,2024/02/02,10.13,10.25,10.13,10.13,11.25,-1.12,-9.9556,25485.0,25824.918
002789.SZ,2024/02/05,9.15,9.45,9.12,9.12,10.13,-1.01,-9.9704,28439.0,26022.442
002789.SZ,2024/02/06,8.21,8.68,8.21,8.45,9.12,-0.67,-7.3465,118689.09,98230.516
002789.SZ,2024/02/07,8.29,8.29,7.61,7.61,8.45,-0.84,-9.9408,62944.1,48671.48
002789.SZ,2024/02/08,6.87,8.3,6.86,7.99,7.61,0.38,4.9934,88676.1,65654.526
002789.SZ,2024/02/19,8.02,8.24,7.5,8.2,7.99,0.21,2.6283,67912.42,54536.636
002789.SZ,2024/02/20,8.18,8.43,7.95,8.41,8.2,0.21,2.561,50359.85,41613.807
002789.SZ,2024/02/21,8.3,9.25,8.22,9.25,8.41,0.84,9.9881,54284.96,49443.484
002789.SZ,2024/02/22,10.18,10.18,10.18,10.18,9.25,0.93,10.0541,16946.0,17251.028
002789.SZ,2024/02/23,11.2,11.2,10.3,10.54,10.18,0.36,3.5363,143810.93,154993.087
002789.SZ,2024/02/26,10.43,10.56,9.82,10.1,10.54,-0.44,-4.1746,100168.58,101619.045
002789.SZ,2024/02/27,10.0,10.28,9.73,10.25,10.1,0.15,1.4851,64473.1,65282.106
002789.SZ,2024/02/28,10.4,10.9,9.37,9.37,10.25,-0.88,-8.5854,79224.4,81385.091
002789.SZ,2024/02/29,9.36,9.95,9.36,9.77,9.37,0.4,4.2689,55258.0,53369.714
002789.SZ,2024/03/01,9.77,10.05,9.7,9.9,9.77,0.13,1.3306,36013.25,35438.169
002789.SZ,2024/03/04,9.84,9.84,9.42,9.64,9.9,-0.26,-2.6263,33701.1,32349.381
002789.SZ,2024/03/05,9.6,9.6,9.3,9.35,9.64,-0.29,-3.0083,32692.07,30806.068
002789.SZ,2024/03/06,9.29,9.55,9.28,9.43,9.35,0.08,0.8556,21417.07,20163.786
002789.SZ,2024/03/07,9.55,9.64,9.35,9.46,9.43,0.03,0.3181,25649.0,24382.335
002789.SZ,2024/03/08,9.47,10.37,9.47,9.73,9.46,0.27,2.8541,56059.9,55201.277
002789.SZ,2024/03/11,9.65,10.0,9.57,9.87,9.73,0.14,1.4388,43834.96,42796.351
002789.SZ,2024/03/12,9.92,10.03,9.73,10.02,9.87,0.15,1.5198,37075.4,36692.931
002789.SZ,2024/03/13,9.95,10.12,9.9,9.92,10.02,-0.1,-0.998,25662.22,25543.364
002789.SZ,2024/03/14,9.94,10.05,9.83,9.98,9.92,0.06,0.6048,24034.61,23936.509
002789.SZ,2024/03/15,10.0,10.18,9.89,10.17,9.98,0.19,1.9038,24733.7,24902.286
002789.SZ,2024/03/18,10.2,10.56,10.18,10.52,10.17,0.35,3.4415,34876.01,36240.737
002789.SZ,2024/03/19,10.56,10.62,10.34,10.34,10.52,-0.18,-1.711,29818.0,31207.95
002789.SZ,2024/03/20,10.35,10.62,10.35,10.61,10.34,0.27,2.6112,24747.49,26030.25
002789.SZ,2024/03/21,10.73,10.8,10.45,10.64,10.61,0.03,0.2828,22468.48,23816.657
002789.SZ,2024/03/22,10.64,10.68,10.34,10.49,10.64,-0.15,-1.4098,27259.0,28627.948
002789.SZ,2024/03/25,10.41,10.59,10.12,10.2,10.49,-0.29,-2.7645,26176.08,26966.211
002789.SZ,2024/03/26,10.15,10.32,10.0,10.2,10.2,0.0,0.0,18737.1,19028.05
002789.SZ,2024/03/27,10.17,10.54,10.08,10.54,10.2,0.34,3.3333,39432.8,40719.487
002789.SZ,2024/03/28,10.78,10.79,10.32,10.52,10.54,-0.02,-0.1898,62840.2,66299.779
002789.SZ,2024/03/29,10.36,10.64,10.27,10.32,10.52,-0.2,-1.9011,39159.0,40894.805
002789.SZ,2024/04/01,10.31,10.71,10.3,10.68,10.32,0.36,3.4884,44931.0,47508.106
002789.SZ,2024/04/02,10.68,10.79,10.59,10.63,10.68,-0.05,-0.4682,27327.92,29198.496
002789.SZ,2024/04/03,10.83,10.85,10.44,10.61,10.63,-0.02,-0.1881,19795.0,20921.479
002789.SZ,2024/04/08,10.6,10.64,10.06,10.11,10.61,-0.5,-4.7125,25668.0,26490.595
002789.SZ,2024/04/09,10.04,10.27,9.96,10.25,10.11,0.14,1.3848,18821.5,19100.636
002789.SZ,2024/04/10,10.16,10.25,9.63,9.78,10.25,-0.47,-4.5854,25254.0,24795.377
002789.SZ,2024/04/11,9.85,9.85,9.56,9.75,9.78,-0.03,-0.3067,16337.0,15972.291
002789.SZ,2024/04/12,9.76,9.86,9.4,9.47,9.75,-0.28,-2.8718,17632.0,17014.772
002789.SZ,2024/04/15,9.35,9.53,8.52,8.52,9.47,-0.95,-10.0317,46786.24,40557.766
002789.SZ,2024/04/16,8.31,8.34,7.67,7.67,8.52,-0.85,-9.9765,19426.0,15215.117
002789.SZ,2024/04/17,7.41,8.33,7.39,8.25,7.67,0.58,7.5619,47233.9,37781.907
002789.SZ,2024/04/18,8.38,8.94,8.03,8.64,8.25,0.39,4.7273,49816.6,42338.563
002789.SZ,2024/04/19,8.62,8.77,8.29,8.41,8.64,-0.23,-2.662,24044.0,20316.723
002789.SZ,2024/04/22,8.31,8.38,7.8,8.03,8.41,-0.38,-4.5184,29505.5,23713.465
002789.SZ,2024/04/23,8.04,8.7,8.04,8.37,8.03,0.34,4.2341,32538.0,27231.841
002789.SZ,2024/04/24,8.35,8.81,8.3,8.74,8.37,0.37,4.4205,30402.3,26209.734
002789.SZ,2024/04/25,8.74,8.85,8.5,8.71,8.74,-0.03,-0.3432,18554.0,16203.651
002789.SZ,2024/04/26,8.71,8.76,8.38,8.64,8.71,-0.07,-0.8037,23047.41,19777.609
002789.SZ,2024/04/29,8.64,9.2,8.63,9.19,8.64,0.55,6.3657,29095.3,26209.111
002789.SZ,2024/04/30,9.18,9.31,8.8,8.91,9.19,-0.28,-3.0468,33196.0,29850.75
002789.SZ,2024/05/06,8.95,9.52,8.91,9.24,8.91,0.33,3.7037,39974.99,36879.027
002789.SZ,2024/05/07,9.29,9.36,9.11,9.24,9.24,0.0,0.0,27568.46,25478.139
002789.SZ,2024/05/08,9.26,9.31,8.95,9.05,9.24,-0.19,-2.0563,20324.3,18478.679
002789.SZ,2024/05/09,9.16,9.28,9.01,9.27,9.05,0.22,2.4309,17312.62,15970.798
002789.SZ,2024/05/10,9.39,9.55,9.0,9.24,9.27,-0.03,-0.3236,23327.3,21486.928
002789.SZ,2024/05/13,9.09,9.18,8.65,8.96,9.24,-0.28,-3.0303,26266.45,23477.346
002789.SZ,2024/05/14,8.98,9.86,8.87,9.86,8.96,0.9,10.0446,52462.65,50061.601
002789.SZ,2024/05/15,10.84,10.85,10.84,10.85,9.86,0.99,10.0406,49824.98,54051.019
002789.SZ,2024/05/16,10.98,11.94,10.6,11.94,10.85,1.09,10.0461,194767.56,223358.837
002789.SZ,2024/05/17,12.97,12.97,11.01,11.5,11.94,-0.44,-3.6851,272667.95,328373.988
002789.SZ,2024/05/20,11.07,11.2,10.35,10.35,11.5,-1.15,-10.0,187499.37,197657.883
002789.SZ,2024/05/21,10.0,10.37,9.88,10.19,10.35,-0.16,-1.5459,116300.49,117157.909
002789.SZ,2024/05/22,10.39,10.7,10.27,10.36,10.19,0.17,1.6683,140828.74,147597.967
002789.SZ,2024/05/23,9.99,10.11,9.7,9.83,10.36,-0.53,-5.1158,91707.45,90747.596
002789.SZ,2024/05/24,9.77,9.8,9.31,9.62,9.83,-0.21,-2.1363,63018.74,60454.772
002789.SZ,2024/05/27,9.62,9.81,9.32,9.78,9.62,0.16,1.6632,49245.7,47160.859
002789.SZ,2024/05/28,9.78,9.8,9.35,9.42,9.78,-0.36,-3.681,44995.6,42538.451
002789.SZ,2024/05/29,9.37,9.62,9.08,9.53,9.42,0.11,1.1677,36181.0,34370.009
002789.SZ,2024/05/30,9.5,9.56,9.34,9.39,9.53,-0.14,-1.469,25442.7,23950.302
002789.SZ,2024/05/31,9.45,9.87,9.37,9.74,9.39,0.35,3.7274,40943.8,39480.977
002789.SZ,2024/06/03,9.73,9.74,9.3,9.56,9.74,-0.18,-1.848,35559.7,33795.503
002789.SZ,2024/06/04,9.5,9.6,9.13,9.21,9.56,-0.35,-3.6611,27592.4,25571.764
002789.SZ,2024/06/05,9.25,9.25,8.86,8.9,9.21,-0.31,-3.3659,25128.0,22489.598
002789.SZ,2024/06/06,8.9,8.93,8.11,8.27,8.9,-0.63,-7.0787,45445.84,37998.83
002789.SZ,2024/06/07,8.28,8.73,8.28,8.66,8.27,0.39,4.7158,34622.9,29689.805
002789.SZ,2024/06/11,8.7,8.7,8.33,8.51,8.66,-0.15,-1.7321,19685.0,16676.567
002789.SZ,2024/06/12,8.51,8.74,8.44,8.66,8.51,0.15,1.7626,17922.0,15475.481
002789.SZ,2024/06/13,8.8,8.91,8.5,8.59,8.66,-0.07,-0.8083,18731.0,16153.022
002789.SZ,2024/06/14,8.59,8.73,8.41,8.68,8.59,0.09,1.0477,14277.0,12258.273
002789.SZ,2024/06/17,8.78,8.8,8.53,8.55,8.68,-0.13,-1.4977,15492.0,13381.931
002789.SZ,2024/06/18,8.55,8.71,8.5,8.63,8.55,0.08,0.9357,12595.0,10828.413
002789.SZ,2024/06/19,8.78,9.14,8.77,8.81,8.63,0.18,2.0857,24976.5,22164.31
002789.SZ,2024/06/20,8.77,8.89,8.38,8.44,8.81,-0.37,-4.1998,21900.0,18710.817
002789.SZ,2024/06/21,8.49,8.66,8.35,8.53,8.44,0.09,1.0664,12367.0,10579.503
002789.SZ,2024/06/24,8.35,8.53,8.12,8.19,8.53,-0.34,-3.9859,14456.0,11930.489
002789.SZ,2024/06/25,8.23,8.42,8.11,8.22,8.19,0.03,0.3663,14368.5,11871.715
002789.SZ,2024/06/26,8.22,8.5,7.96,8.5,8.22,0.28,3.4063,16735.0,13878.117
002789.SZ,2024/06/27,8.5,8.7,8.42,8.45,8.5,-0.05,-0.5882,14531.0,12403.817
002789.SZ,2024/06/28,8.44,8.67,8.38,8.52,8.45,0.07,0.8284,14294.0,12253.959
002789.SZ,2024/07/01,8.52,8.88,8.49,8.81,8.52,0.29,3.4038,17704.0,15459.355
002789.SZ,2024/07/02,8.8,8.92,8.7,8.9,8.81,0.09,1.0216,14049.0,12457.621
002789.SZ,2024/07/03,8.9,9.04,8.87,8.97,8.9,0.07,0.7865,12490.24,11197.162
002789.SZ,2024/07/04,8.97,8.99,8.67,8.76,8.97,-0.21,-2.3411,16197.94,14208.654
002789.SZ,2024/07/05,8.76,9.25,8.55,9.15,8.76,0.39,4.4521,41886.9,37816.129
002789.SZ,2024/07/08,9.09,10.07,8.9,9.36,9.15,0.21,2.2951,107476.84,104397.703
002789.SZ,2024/07/09,9.06,9.06,8.42,8.43,9.36,-0.93,-9.9359,59177.14,50394.394
002789.SZ,2024/07/10,9.04,9.27,8.4,9.27,8.43,0.84,9.9644,64371.19,57934.57
002789.SZ,2024/07/11,10.04,10.04,8.75,9.29,9.27,0.02,0.2157,111400.38,104062.301
002789.SZ,2024/07/12,8.74,9.07,8.7,8.79,9.29,-0.5,-5.3821,62001.33,55005.517
002789.SZ,2024/07/15,8.65,8.67,8.36,8.4,8.79,-0.39,-4.4369,38831.24,32774.542
002789.SZ,2024/07/16,8.28,8.36,8.06,8.13,8.4,-0.27,-3.2143,34093.14,27834.082
002789.SZ,2024/07/17,8.13,8.23,7.97,7.98,8.13,-0.15,-1.845,23192.0,18659.522
002789.SZ,2024/07/18,7.92,7.93,7.62,7.83,7.98,-0.15,-1.8797,24751.76,19174.874
002789.SZ,2024/07/19,7.88,8.0,7.81,7.96,7.83,0.13,1.6603,13975.14,11073.013
002789.SZ,2024/07/22,8.05,8.05,7.89,8.04,7.96,0.08,1.005,12351.5,9886.512
002789.SZ,2024/07/23,8.04,8.15,7.91,7.91,8.04,-0.13,-1.6169,12468.4,10033.527
002789.SZ,2024/07/24,7.91,7.98,7.63,7.66,7.91,-0.25,-3.1606,16526.0,12830.067
002789.SZ,2024/07/25,7.67,7.8,7.52,7.75,7.66,0.09,1.1749,11003.0,8478.745
002789.SZ,2024/07/26,7.8,8.44,7.76,8.07,7.75,0.32,4.129,35551.0,28880.552
002789.SZ,2024/07/29,8.01,8.14,7.93,8.12,8.07,0.05,0.6196,21365.9,17173.923
002789.SZ,2024/07/30,8.04,8.62,8.04,8.6,8.12,0.48,5.9113,34986.4,29440.527
002789.SZ,2024/07/31,8.58,8.8,8.44,8.8,8.6,0.2,2.3256,30654.45,26506.152
002789.SZ,2024/08/01,8.79,9.0,8.66,8.99,8.8,0.19,2.1591,25454.94,22439.591
002789.SZ,2024/08/02,8.93,9.01,8.68,8.85,8.99,-0.14,-1.5573,23524.0,20864.545
002789.SZ,2024/08/05,8.66,9.06,8.62,8.63,8.85,-0.22,-2.4859,12988.95,11354.561
002789.SZ,2024/08/06,8.76,8.85,8.21,8.31,8.63,-0.32,-3.708,40506.0,34448.227
002789.SZ,2024/08/07,8.27,8.68,8.25,8.31,8.31,0.0,0.0,24154.0,20113.54
002789.SZ,2024/08/08,8.48,8.49,8.22,8.42,8.31,0.11,1.3237,16968.0,14202.899
002789.SZ,2024/08/09,8.42,8.75,8.4,8.57,8.42,0.15,1.7815,16974.0,14617.697
002789.SZ,2024/08/12,8.57,8.57,8.31,8.37,8.57,-0.2,-2.3337,13190.5,11060.812
002789.SZ,2024/08/13,8.37,8.62,8.2,8.6,8.37,0.23,2.7479,14482.5,12264.571
002789.SZ,2024/08/14,8.6,8.72,8.43,8.49,8.6,-0.11,-1.2791,10072.0,8625.162
002789.SZ,2024/08/15,8.48,8.67,8.35,8.62,8.49,0.13,1.5312,10773.0,9189.121
002789.SZ,2024/08/16,8.57,8.69,8.46,8.47,8.62,-0.15,-1.7401,12466.3,10604.688
002789.SZ,2024/08/19,8.41,8.65,8.34,8.43,8.47,-0.04,-0.4723,9765.4,8254.099
002789.SZ,2024/08/20,8.43,8.51,8.29,8.29,8.43,-0.14,-1.6607,10487.0,8765.268
002789.SZ,2024/08/21,8.29,8.49,8.22,8.43,8.29,0.14,1.6888,7814.0,6558.589
002789.SZ,2024/08/22,8.5,8.5,8.29,8.3,8.43,-0.13,-1.5421,10097.3,8446.322
002789.SZ,2024/08/23,8.35,8.42,8.19,8.3,8.3,0.0,0.0,11988.4,9979.617
002789.SZ,2024/08/26,8.31,8.83,8.31,8.62,8.3,0.32,3.8554,19385.0,16678.876
002789.SZ,2024/08/27,8.63,8.82,8.48,8.67,8.62,0.05,0.58,21821.8,18860.077
002789.SZ,2024/08/28,8.67,8.77,8.31,8.33,8.67,-0.34,-3.9216,21603.0,18431.756
002789.SZ,2024/08/29,8.33,8.41,8.2,8.39,8.33,0.06,0.7203,13589.0,11283.294
002789.SZ,2024/08/30,8.39,8.74,8.28,8.58,8.39,0.19,2.2646,14645.5,12520.249
002789.SZ,2024/09/02,8.59,8.68,8.4,8.41,8.58,-0.17,-1.9814,13091.3,11192.836
002789.SZ,2024/09/03,8.41,8.64,8.4,8.64,8.41,0.23,2.7348,10140.0,8671.394
002789.SZ,2024/09/04,8.68,8.68,8.38,8.38,8.64,-0.26,-3.0093,15252.0,12905.537
002789.SZ,2024/09/05,8.39,8.62,8.39,8.58,8.38,0.2,2.3866,14423.7,12355.829
002789.SZ,2024/09/06,8.62,8.9,8.57,8.61,8.58,0.03,0.3497,23913.0,20859.477
002789.SZ,2024/09/09,8.59,9.0,8.41,8.95,8.61,0.34,3.9489,31451.38,27771.525
002789.SZ,2024/09/10,8.95,9.02,8.67,8.81,8.95,-0.14,-1.5642,20859.0,18372.736
002789.SZ,2024/09/11,8.77,8.92,8.68,8.82,8.81,0.01,0.1135,14126.0,12470.291
002789.SZ,2024/09/12,8.93,9.0,8.81,8.82,8.82,0.0,0.0,14187.0,12628.977
002789.SZ,2024/09/13,8.83,8.85,8.61,8.62,8.82,-0.2,-2.2676,10482.0,9121.18
002789.SZ,2024/09/18,8.7,8.76,8.36,8.46,8.62,-0.16,-1.8561,15175.0,12880.625
002789.SZ,2024/09/19,8.58,8.7,8.42,8.61,8.46,0.15,1.773,18928.0,16232.091
002789.SZ,2024/09/20,8.67,8.69,8.57,8.61,8.61,0.0,0.0,11351.0,9786.182
002789.SZ,2024/09/23,8.55,8.64,8.49,8.57,8.61,-0.04,-0.4646,8908.0,7629.539
002789.SZ,2024/09/24,8.53,9.11,8.53,8.91,8.57,0.34,3.9673,27896.5,24609.656
002789.SZ,2024/09/25,9.04,9.4,8.83,9.07,8.91,0.16,1.7957,32916.0,30082.338
002789.SZ,2024/09/26,8.99,9.31,8.95,9.3,9.07,0.23,2.5358,26612.0,24398.579
002789.SZ,2024/09/27,9.35,9.85,9.25,9.84,9.3,0.54,5.8065,40282.5,38434.006
